"Address","Type","Neighborhood","Year Built"
"1 BARKER ST MT. KISCO","Limited-equity",NA,NA
"1 COOPER SQUARE","Income-restricted, HDFC",NA,NA
"1 MORNINGSIDE AVENUE","Income-restricted, HDFC",NA,NA
"10 MORNINGSIDE AVENUE","Income-restricted, HDFC",NA,NA
"10 ST NICHOLAS TERRACE","Income-restricted, HDFC",NA,NA
"10 WEST 93 STREET","Income-restricted, HDFC","UPPER WEST SIDE (79-96)",NA
"100 FRONT STREET","Income-restricted, HDFC",NA,NA
"100 NEWEL STREET","Income-restricted, HDFC",NA,NA
"100 ST NICHOLAS AVENUE","Income-restricted, HDFC","HARLEM-CENTRAL",NA
"100 WEST 162 STREET","Income-restricted, HDFC","HIGHBRIDGE/MORRIS HEIGHTS",NA
"1000 DECATUR STREET","Income-restricted, HDFC",NA,NA
"1001 ANDERSON AVENUE","Income-restricted, HDFC","HIGHBRIDGE/MORRIS HEIGHTS",NA
"100-18 NORTHERN BOULEVARD","Income-restricted, HDFC",NA,NA
"1003 EAST 174 STREET","Income-restricted, HDFC","CROTONA PARK",NA
"1005 PUTNAM AVENUE","Income-restricted, HDFC",NA,NA
"1007 EAST 174 STREET","Income-restricted, HDFC",NA,NA
"101 CLARK ST","Limited-equity, Mitchell Lama",NA,NA
"101 LENOX AVENUE","Income-restricted, HDFC",NA,NA
"101 WEST 147 STREET","Limited-equity, Mitchell Lama",NA,NA
"1012 LONGFELLOW AVENUE","Income-restricted, HDFC",NA,NA
"1015 ANDERSON AVENUE","Income-restricted, HDFC","HIGHBRIDGE/MORRIS HEIGHTS",NA
"1015 LONGWOOD AVENUE","Income-restricted, HDFC","MORRISANIA/LONGWOOD",NA
"1015 SUMMIT AVENUE","Income-restricted, HDFC","HIGHBRIDGE/MORRIS HEIGHTS",NA
"1019 LONGWOOD AVENUE","Income-restricted, HDFC","MORRISANIA/LONGWOOD",NA
"102 AVENUE B","Income-restricted, HDFC",NA,NA
"1020 TIFFA STREET","Income-restricted, HDFC",NA,NA
"102-00 SHORE FRONT PARKWAY","Limited-equity, Mitchell Lama",NA,NA
"1025 LEGGETT AVENUE","Income-restricted, HDFC","MORRISANIA/LONGWOOD",NA
"103 CLINTON STREET","Income-restricted, HDFC","LOWER EAST SIDE",NA
"103 EAST 97 STREET","Income-restricted, HDFC",NA,NA
"103 LINDEN STREET","Income-restricted, HDFC",NA,NA
"103 WEST 88 STREET","Income-restricted, HDFC",NA,NA
"1031 MANHATTAN AVENUE","Income-restricted, HDFC",NA,NA
"1031 PACIFIC STREET","Income-restricted, HDFC",NA,NA
"1031 PUGSLEY AVENUE","Limited-equity, Mitchell Lama",NA,NA
"1033 CAULDWELL AVENUE","Income-restricted, HDFC",NA,NA
"1036 MANOR AVENUE","Income-restricted, HDFC","SOUNDVIEW",NA
"104 FRONT STREET","Income-restricted, HDFC",NA,NA
"1040 CARROLL STREET","Income-restricted, HDFC","CROWN HEIGHTS",1927
"104-05 37 DRIVE","Income-restricted, HDFC",NA,NA
"1045 ANDERSON AVENUE","Income-restricted, HDFC","HIGHBRIDGE/MORRIS HEIGHTS",NA
"1046 AMSTERDAM AVENUE","Income-restricted, HDFC","UPPER WEST SIDE (96-116)",NA
"1049 FOX STREET","Income-restricted, HDFC","MORRISANIA/LONGWOOD",NA
"105 EAST 116 STREET","Income-restricted, HDFC",NA,NA
"105 EAST 97 STREET","Income-restricted, HDFC","HARLEM-EAST",NA
"105 WEST 88 STREET","Income-restricted, HDFC",NA,NA
"1050 HANCOCK STREET","Income-restricted, HDFC",NA,NA
"1052 PROSPECT AVENUE","Income-restricted, HDFC",NA,NA
"1055 BERGEN STREET","Income-restricted, HDFC","CROWN HEIGHTS",1905
"1057 EASTERN PARKWAY","Income-restricted, HDFC","CROWN HEIGHTS",1914
"1059 BEDFORD AVENUE","Income-restricted, HDFC",NA,NA
"106 DIVISION AVENUE","Income-restricted, HDFC","WILLIAMSBURG-CENTRAL",1915
"106 SOUTH 9 STREET","Income-restricted, HDFC",NA,NA
"106-01 37 AVENUE","Income-restricted, HDFC",NA,NA
"106-03 37 AVENUE","Income-restricted, HDFC",NA,NA
"1069 TELLER AVENUE","Income-restricted, HDFC",NA,NA
"107 AVENUE B","Income-restricted, HDFC",NA,NA
"107 AVENUE C","Income-restricted, HDFC","ALPHABET CITY",NA
"107 BLEECKER STREET","Income-restricted, HDFC",NA,NA
"107 NORTH 4 STREET","Limited-equity, Mitchell Lama",NA,NA
"107 WEST 88 STREET","Income-restricted, HDFC",NA,NA
"1076 EASTERN PARKWAY","Income-restricted, HDFC","CROWN HEIGHTS",1920
"108 EAST 176 STREET","Income-restricted, HDFC",NA,NA
"108 MESEROLE STREET","Income-restricted, HDFC",NA,NA
"108 OLD FULTON STREET","Limited-equity, Mitchell Lama",NA,NA
"108 SEIGEL STREET","Income-restricted, HDFC",NA,NA
"108 WEST 114 STREET","Income-restricted, HDFC",NA,NA
"108 WEST 95 STREET","Income-restricted, HDFC","UPPER WEST SIDE (79-96)",NA
"1082 SOUTHERN BOULEVARD","Income-restricted, HDFC",NA,NA
"1087 BUSHWICK AVENUE","Income-restricted, HDFC",NA,NA
"1089 BUSHWICK AVENUE","Income-restricted, HDFC",NA,NA
"109 LINDEN STREET","Income-restricted, HDFC",NA,NA
"109 WEST 88 STREET","Income-restricted, HDFC",NA,NA
"1095 BUSHWICK AVENUE","Income-restricted, HDFC","BUSHWICK",1931
"1096 WEST FARMS ROAD","Income-restricted, HDFC","MORRISANIA/LONGWOOD",NA
"11 EAST 131 STREET","Income-restricted, HDFC",NA,NA
"11 FORT GEORGE HILL","Limited-equity, Mitchell Lama",NA,NA
"11 ST JAMES PLACE","Limited-equity, Mitchell Lama",NA,NA
"11 ST NICHOLAS AVENUE","Income-restricted, HDFC",NA,NA
"11 WEST 107 STREET","Income-restricted, HDFC",NA,NA
"11 WEST 108 STREET","Income-restricted, HDFC","MANHATTAN VALLEY",NA
"110 CAMBRIDGE PLACE","Income-restricted, HDFC","CLINTON HILL",1930
"110 DIVISION AVENUE","Income-restricted, HDFC","WILLIAMSBURG-CENTRAL",1915
"110 FORSYTH STREET","Income-restricted, HDFC","LOWER EAST SIDE",NA
"110 WEST END AVE","Limited-equity",NA,NA
"1100-04 ELDER AVE","Income-restricted, HDFC",NA,NA
"1102 SIMPSON STREET","Income-restricted, HDFC",NA,NA
"1103 FRANKLIN AVENUE","Income-restricted, HDFC","MORRISANIA/LONGWOOD",NA
"111 SOUTH 3 STREET","Income-restricted, HDFC",NA,NA
"111 WEST 106 STREET","Income-restricted, HDFC","UPPER WEST SIDE (96-116)",NA
"1111 SOUTHERN BOULEVARD","Income-restricted, HDFC","MORRISANIA/LONGWOOD",NA
"1113 GRANT AVENUE","Income-restricted, HDFC","MELROSE/CONCOURSE",NA
"1116 HOE AVENUE","Income-restricted, HDFC","MORRISANIA/LONGWOOD",NA
"112 BEDFORD AVENUE","Income-restricted, HDFC",NA,NA
"112 EAST 102 STREET","Income-restricted, HDFC",NA,NA
"112 EAST 98 STREET","Income-restricted, HDFC","HARLEM-EAST",NA
"1120 COLLEGE AVENUE","Income-restricted, HDFC",NA,NA
"1120 GRANT AVENUE","Income-restricted, HDFC",NA,NA
"1125 STERLING PLACE","Income-restricted, HDFC","CROWN HEIGHTS",1931
"113 LINDEN STREET","Income-restricted, HDFC",NA,NA
"1131 CROES AVENUE","Income-restricted, HDFC",NA,NA
"113-15 34TH AVENUE CORONA","Limited-equity",NA,NA
"114 EAST 98 STREET","Income-restricted, HDFC","HARLEM-EAST",NA
"114 SUFFOLK STREET","Income-restricted, HDFC","LOWER EAST SIDE",NA
"115 SOUTH 8 STREET","Income-restricted, HDFC",NA,NA
"115 SOUTH 9 STREET","Income-restricted, HDFC",NA,NA
"1152 PACIFIC STREET","Income-restricted, HDFC","CROWN HEIGHTS",1910
"1155 HOE AVENUE","Income-restricted, HDFC",NA,NA
"1158 DE KALB AVENUE","Income-restricted, HDFC",NA,NA
"116 CAMBRIDGE PLACE","Income-restricted, HDFC","CLINTON HILL",1930
"1160 COLGATE AVENUE","Income-restricted, HDFC","SOUNDVIEW",NA
"1160 PRESIDENT STREET","Income-restricted, HDFC",NA,NA
"116-01 157 STREET","Limited-equity, Mitchell Lama",NA,NA
"1165 FULTON AVENUE","Income-restricted, HDFC","MORRISANIA/LONGWOOD",NA
"117 EAST 101 STREET","Income-restricted, HDFC",NA,NA
"117 SOUTH 8 STREET","Income-restricted, HDFC",NA,NA
"1175 GERARD AVENUE","Income-restricted, HDFC","MELROSE/CONCOURSE",NA
"118 WEST 123 STREET","Income-restricted, HDFC",NA,NA
"1185 ANDERSON AVENUE","Income-restricted, HDFC",NA,NA
"1185 FULTON AVENUE","Income-restricted, HDFC",NA,NA
"119 GRAND STREET","Income-restricted, HDFC",NA,NA
"1198 PRESIDENT ST","Limited-equity, Mitchell Lama",NA,NA
"12 BLEECKER STREET","Income-restricted, HDFC","BUSHWICK",1931
"12 EAST 132 STREET","Income-restricted, HDFC",NA,NA
"12 ST MARKS PLACE","Income-restricted, HDFC",NA,NA
"12 WEST 107 STREET","Income-restricted, HDFC",NA,NA
"120 BERGEN STREET","Income-restricted, HDFC",NA,NA
"1200 WOODYCREST AVENUE","Income-restricted, HDFC",NA,NA
"1201 SHAKESPEARE AVENUE","Income-restricted, HDFC","HIGHBRIDGE/MORRIS HEIGHTS",NA
"121 EAST 101 STREET","Income-restricted, HDFC","HARLEM-EAST",NA
"1211 WASHINGTON AVENUE","Income-restricted, HDFC",NA,NA
"1212 OCEAN AVENUE","Income-restricted, HDFC","FLATBUSH-CENTRAL",1925
"1218 BOSTON ROAD","Income-restricted, HDFC","MORRISANIA/LONGWOOD",NA
"1218 ST NICHOLAS AVENUE","Income-restricted, HDFC",NA,NA
"122 EAST 107 STREET","Income-restricted, HDFC",NA,NA
"1225 BOSTON ROAD","Income-restricted, HDFC","MORRISANIA/LONGWOOD",NA
"1228 PACIFIC STREET","Income-restricted, HDFC","CROWN HEIGHTS",1905
"123 EAST 101 STREET","Income-restricted, HDFC",NA,NA
"123 EAST 102 STREET","Income-restricted, HDFC","HARLEM-EAST",NA
"1230 BOSTON ROAD","Income-restricted, HDFC","MORRISANIA/LONGWOOD",NA
"1230 SPOFFORD AVENUE","Income-restricted, HDFC","HUNTS POINT",NA
"124 EAST 102 STREET","Income-restricted, HDFC",NA,NA
"1241 AMSTERDAM AVENUE","Income-restricted, HDFC",NA,NA
"125 EAST 101 STREET","Income-restricted, HDFC",NA,NA
"125 SCHENECTADY AVENUE","Income-restricted, HDFC","CROWN HEIGHTS",1910
"127 GUERNSEY STREET","Income-restricted, HDFC",NA,NA
"127 WEST 111 STREET","Income-restricted, HDFC",NA,NA
"127 WEST 133 STREET","Income-restricted, HDFC","HARLEM-CENTRAL",NA
"127 WEST 170 STREET","Income-restricted, HDFC","HIGHBRIDGE/MORRIS HEIGHTS",NA
"128 29 STREET","Income-restricted, HDFC",NA,NA
"128 RALPH AVENUE","Income-restricted, HDFC",NA,NA
"128 RIVINGTON STREET","Income-restricted, HDFC","LOWER EAST SIDE",NA
"128 WEST 138 STREET","Income-restricted, HDFC","HARLEM-CENTRAL",NA
"128 WEST 96 STREET","Limited-equity, Mitchell Lama",NA,NA
"1285 DEAN STREET","Income-restricted, HDFC",NA,NA
"129 BEDFORD AVENUE","Income-restricted, HDFC",NA,NA
"129 EAST 102 STREET","Income-restricted, HDFC",NA,NA
"129 MAC DONOUGH STREET","Income-restricted, HDFC",NA,NA
"1290 LAFAYETTE AVENUE","Income-restricted, HDFC",NA,NA
"13 EAST 3 STREET","Income-restricted, HDFC",NA,NA
"13 FRONT SCHOLES STREET","Income-restricted, HDFC",NA,NA
"13 MOORE STREET","Limited-equity, Mitchell Lama",NA,NA
"13 REAR STANTON STREET","Income-restricted, HDFC",NA,NA
"13 WEST 106 STREET","Income-restricted, HDFC","MANHATTAN VALLEY",NA
"130 WEST 26 STREET","Income-restricted, HDFC",NA,NA
"1303 DEAN STREET","Income-restricted, HDFC",NA,NA
"1304 PACIFIC STREET","Income-restricted, HDFC","CROWN HEIGHTS",1945
"131 EAST 101 ST","Income-restricted, HDFC",NA,NA
"1312 PACIFIC STREET","Income-restricted, HDFC",NA,NA
"1314 OAKLEY STREET","Income-restricted, HDFC",NA,NA
"1316 STERLING PLACE","Income-restricted, HDFC",NA,NA
"132 SOUTH 8 STREET","Income-restricted, HDFC",NA,NA
"132 WEST 113 STREET","Income-restricted, HDFC",NA,NA
"132 WEST 169 STREET","Income-restricted, HDFC","HIGHBRIDGE/MORRIS HEIGHTS",NA
"133 MAC DONOUGH STREET","Income-restricted, HDFC",NA,NA
"133 WEST 89 STREET","Income-restricted, HDFC","UPPER WEST SIDE (79-96)",NA
"1338 FRANKLIN AVENUE","Income-restricted, HDFC",NA,NA
"134 ELDRIDGE STREET","Income-restricted, HDFC",NA,NA
"134 WEST 20 STREET","Income-restricted, HDFC","CHELSEA",NA
"1342 FRANKLIN AVENUE","Income-restricted, HDFC","MORRISANIA/LONGWOOD",NA
"1346 EASTERN PARKWAY","Income-restricted, HDFC","CROWN HEIGHTS",1915
"1346 PARK PLACE","Income-restricted, HDFC","CROWN HEIGHTS",1923
"1347 BRISTOW STREET","Income-restricted, HDFC","MORRISANIA/LONGWOOD",NA
"135 WEST 115 STREET","Income-restricted, HDFC","HARLEM-CENTRAL",NA
"135 WEST 89 STREET","Income-restricted, HDFC",NA,NA
"1351 PARK AVENUE","Income-restricted, HDFC",NA,NA
"136 CAMBRIDGE PLACE","Income-restricted, HDFC",NA,NA
"136 SOUTH 8 STREET","Income-restricted, HDFC",NA,NA
"136 WEST 133 STREET","Income-restricted, HDFC",NA,NA
"136 WEST 168 STREET","Income-restricted, HDFC","HIGHBRIDGE/MORRIS HEIGHTS",NA
"137 WEST 116 STREET","Income-restricted, HDFC","HARLEM-CENTRAL",NA
"137 WEST 23 STREET","Income-restricted, HDFC",NA,NA
"1371 LINDEN BOULEVARD","Limited-equity, Mitchell Lama","BROWNSVILLE",1962
"1372 FRANKLIN AVENUE","Income-restricted, HDFC","MORRISANIA/LONGWOOD",NA
"1372 SHAKESPEARE AVENUE","Income-restricted, HDFC","HIGHBRIDGE/MORRIS HEIGHTS",NA
"1383 LINDEN BOULEVARD","Limited-equity, Mitchell Lama",NA,NA
"1383 PLIMPTON AVENUE","Income-restricted, HDFC","HIGHBRIDGE/MORRIS HEIGHTS",NA
"1384 PACIFIC STREET","Income-restricted, HDFC","CROWN HEIGHTS",1905
"1387 DEAN STREET","Income-restricted, HDFC",NA,NA
"139 8 AVENUE","Income-restricted, HDFC","CHELSEA",NA
"139 NORFOLK STREET","Income-restricted, HDFC","LOWER EAST SIDE",NA
"139 WEST 116 STREET","Income-restricted, HDFC","HARLEM-CENTRAL",NA
"14 EAST 96 STREET","Income-restricted, HDFC","FLATBUSH-NORTH",1927
"14 MORNINGSIDE AVENUE","Income-restricted, HDFC","MANHATTAN VALLEY",NA
"14 WEST 119 STREET","Income-restricted, HDFC",NA,NA
"1405 PROSPECT PLACE","Income-restricted, HDFC","CROWN HEIGHTS",1910
"1409 PROSPECT AVENUE","Income-restricted, HDFC","MORRISANIA/LONGWOOD",NA
"141 MAC DONOUGH STREET","Income-restricted, HDFC",NA,NA
"141 MANHATTAN AVENUE","Income-restricted, HDFC",NA,NA
"14-15 MOTT AVENUE","Income-restricted, HDFC",NA,NA
"1421 AMSTERDAM AVENUE","Income-restricted, HDFC",NA,NA
"143 MANHATTAN AVENUE","Income-restricted, HDFC",NA,NA
"143 WADSWORTH AVENUE","Income-restricted, HDFC","WASHINGTON HEIGHTS UPPER",NA
"145 MORNINGSIDE AVENUE","Income-restricted, HDFC","HARLEM-CENTRAL",NA
"145 WADSWORTH AVENUE","Income-restricted, HDFC","WASHINGTON HEIGHTS UPPER",NA
"1463 AMSTERDAM AVENUE","Income-restricted, HDFC","HARLEM-WEST",NA
"147 WEST 105 STREET","Income-restricted, HDFC",NA,NA
"1477 AMSTERDAM AVENUE","Income-restricted, HDFC",NA,NA
"1486 5 AVENUE","Income-restricted, HDFC","HARLEM-CENTRAL",NA
"1493 EASTERN PARKWAY EXTENSION","Income-restricted, HDFC",NA,NA
"15 EAST 126 STREET","Income-restricted, HDFC",NA,NA
"15 EAST 131 STREET","Income-restricted, HDFC",NA,NA
"15 FT WASHINGTON AVENUE","Income-restricted, HDFC","WASHINGTON HEIGHTS LOWER",NA
"15 STRONG PLACE","Income-restricted, HDFC",NA,NA
"15 WEST 106 STREET","Income-restricted, HDFC","MANHATTAN VALLEY",NA
"15 WEST 108 STREET","Income-restricted, HDFC",NA,NA
"150 PERRY STREET","Income-restricted, HDFC",NA,NA
"1500 BOSTON ROAD","Income-restricted, HDFC","CROTONA PARK",NA
"151 1 AVENUE","Income-restricted, HDFC",NA,NA
"151 GRAND STREET","Income-restricted, HDFC",NA,NA
"151 SOUTH 4 STREET","Income-restricted, HDFC",NA,NA
"151 WEST 106 STREET","Income-restricted, HDFC",NA,NA
"1511 LEXINGTON AVENUE","Income-restricted, HDFC",NA,NA
"1513 LEXINGTON AVENUE","Income-restricted, HDFC",NA,NA
"1513 WEST 7 STREET","Income-restricted, HDFC","GRAVESEND",1927
"1516 BEDFORD AVENUE","Income-restricted, HDFC","CROWN HEIGHTS",1931
"1517 LEXINGTON AVENUE","Income-restricted, HDFC",NA,NA
"152 FORSYTH STREET","Income-restricted, HDFC","LOWER EAST SIDE",NA
"152 SOUTH 8 STREET","Income-restricted, HDFC",NA,NA
"152 WEST 144 STREET","Income-restricted, HDFC",NA,NA
"153 SOUTH 4 STREET","Income-restricted, HDFC",NA,NA
"153 WEST 106 STREET","Income-restricted, HDFC","UPPER WEST SIDE (96-116)",NA
"153.5 STANTON STREET","Income-restricted, HDFC",NA,NA
"1532 YORK AVENUE","Limited-equity, Mitchell Lama",NA,NA
"154 EAST 97 STREET","Income-restricted, HDFC","HARLEM-EAST",NA
"154 PATCHEN AVENUE","Income-restricted, HDFC",NA,NA
"154 SOUTH 3 STREET","Income-restricted, HDFC","WILLIAMSBURG-SOUTH",1915
"1549 SEABURY PLACE","Income-restricted, HDFC",NA,NA
"155 AVENUE C","Income-restricted, HDFC",NA,NA
"155 EAST 2 STREET","Income-restricted, HDFC","ALPHABET CITY",NA
"155 EAST 4 STREET","Limited-equity, Mitchell Lama",NA,NA
"155 WEST 106 STREET","Income-restricted, HDFC","UPPER WEST SIDE (96-116)",NA
"1551 PARK PLACE","Income-restricted, HDFC","CROWN HEIGHTS",1910
"156 EAST 97 STREET","Income-restricted, HDFC","HARLEM-EAST",NA
"156 NASSAU AVENUE","Income-restricted, HDFC",NA,NA
"156 ST MARKS AVENUE","Income-restricted, HDFC",NA,NA
"156-10 RIVERSIDE DRIVE WEST","Limited-equity, Mitchell Lama",NA,NA
"156-11 AGUILAR AVENUE","Limited-equity, Mitchell Lama",NA,NA
"157 BROOME STREET","Income-restricted, HDFC",NA,NA
"157 EAST 2 STREET","Income-restricted, HDFC","ALPHABET CITY",NA
"157 WEST 105 STREET","Income-restricted, HDFC","UPPER WEST SIDE (96-116)",NA
"158 SOUTH 8 STREET","Income-restricted, HDFC",NA,NA
"1581 BRUCKNER BOULEVARD","Limited-equity, Mitchell Lama",NA,NA
"159 HAWTHORNE AVENUE YONKERS","Limited-equity",NA,NA
"16 2 AVENUE","Income-restricted, HDFC",NA,NA
"16 EAST 132 STREET","Income-restricted, HDFC",NA,NA
"16 MAUJER STREET","Income-restricted, HDFC","WILLIAMSBURG-EAST",1920
"16 MORNINGSIDE AVENUE","Income-restricted, HDFC",NA,NA
"16 WEST 119 STREET","Income-restricted, HDFC","HARLEM-CENTRAL",NA
"160 BLEECKER STREET","Income-restricted, HDFC",NA,NA
"160 LOWNDES AVE HUNTINGTON STA","Limited-equity",NA,NA
"1600 NELSON AVENUE","Income-restricted, HDFC","HIGHBRIDGE/MORRIS HEIGHTS",NA
"1608 AMSTERDAM AVENUE","Income-restricted, HDFC","HARLEM-WEST",NA
"161 S ELLIOTT PL","Limited-equity",NA,NA
"161 WEST 105 STREET","Income-restricted, HDFC","UPPER WEST SIDE (96-116)",NA
"161-04 HARRY VAN ARSDALE JR. AVE. FLUSHING","Limited-equity",NA,NA
"1611 LINCOLN PLACE","Income-restricted, HDFC",NA,NA
"161-29 HARRY VAN ARSDALE JR. AVE. FLUSHING","Limited-equity",NA,NA
"162 AVENUE C","Limited-equity, Mitchell Lama","ALPHABET CITY",NA
"162 EAST 2 STREET","Income-restricted, HDFC",NA,NA
"162 LENOX AVENUE","Income-restricted, HDFC","HARLEM-CENTRAL",NA
"163 AVENUE C","Income-restricted, HDFC",NA,NA
"163 LEFFERTS PLACE","Income-restricted, HDFC","BEDFORD STUYVESANT",1930
"163 LENOX AVENUE","Income-restricted, HDFC",NA,NA
"1638 FIRST AVENUE","Limited-equity, Mitchell Lama",NA,NA
"164 BLEECKER STREET","Income-restricted, HDFC",NA,NA
"164 RALPH AVENUE","Income-restricted, HDFC",NA,NA
"1646 AMSTERDAM AVENUE","Income-restricted, HDFC",NA,NA
"165 AVENUE C","Income-restricted, HDFC",NA,NA
"1661 LEXINGTON AVENUE","Income-restricted, HDFC",NA,NA
"167 AVENUE C","Income-restricted, HDFC",NA,NA
"167 FRONT ALLEN STREET","Income-restricted, HDFC",NA,NA
"167 WEST 133 STREET","Income-restricted, HDFC",NA,NA
"1670 LONGFELLOW AVENUE","Income-restricted, HDFC","CROTONA PARK",NA
"168 BANK STREET","Income-restricted, HDFC",NA,NA
"168 NORFOLK STREET","Income-restricted, HDFC","LOWER EAST SIDE",NA
"1681 ST NICHOLAS AVENUE","Limited-equity, Mitchell Lama",NA,NA
"1682-1700 STERLING PLACE","Income-restricted, HDFC",NA,NA
"169 ALLEN STREET","Income-restricted, HDFC","LOWER EAST SIDE",NA
"169 AVENUE C","Income-restricted, HDFC",NA,NA
"169-55 137 AVENUE","Limited-equity, Mitchell Lama",NA,NA
"17 CLINTON STREET","Income-restricted, HDFC",NA,NA
"17 CROWN STREET","Income-restricted, HDFC",NA,NA
"17 EAST 131 STREET","Income-restricted, HDFC",NA,NA
"17 PENNSYLVANIA AVENUE","Income-restricted, HDFC",NA,NA
"17 WEST 106 STREET","Income-restricted, HDFC","MANHATTAN VALLEY",NA
"1711 DAVIDSON AVENUE","Income-restricted, HDFC","HIGHBRIDGE/MORRIS HEIGHTS",NA
"1713 NELSON AVENUE","Income-restricted, HDFC","HIGHBRIDGE/MORRIS HEIGHTS",NA
"1714 AMSTERDAM AVENUE","Income-restricted, HDFC",NA,NA
"1719 TOWNSEND AVENUE","Income-restricted, HDFC",NA,NA
"172 DELANCEY STREET","Income-restricted, HDFC","LOWER EAST SIDE",NA
"172 FORSYTH STREET","Income-restricted, HDFC","LOWER EAST SIDE",NA
"172 FRANKLIN STREET","Income-restricted, HDFC",NA,NA
"1720 MAYFLOWER AVENUE","Limited-equity, Mitchell Lama","SCHUYLERVILLE/PELHAM BAY",NA
"173 EAST 111 STREET","Income-restricted, HDFC",NA,NA
"173 RIVINGTON STREET","Income-restricted, HDFC","LOWER EAST SIDE",NA
"1731 TOWNSEND AVENUE","Income-restricted, HDFC",NA,NA
"175 CLAREMONT AVENUE","Income-restricted, HDFC","MORNINGSIDE HEIGHTS",NA
"175 SOUTH SWAN STREET ALBANY","Limited-equity",NA,NA
"176 GRAND STREET EXTENSION","Income-restricted, HDFC",NA,NA
"176 STUYVESANT AVENUE","Income-restricted, HDFC",NA,NA
"176 WEST 81 STREET","Income-restricted, HDFC","UPPER WEST SIDE (79-96)",NA
"1770 WALTON AVENUE","Income-restricted, HDFC","MOUNT HOPE/MOUNT EDEN",NA
"1775 MADISON AVENUE","Income-restricted, HDFC","HARLEM-EAST",NA
"1776 TOPPING AVENUE","Income-restricted, HDFC","MOUNT HOPE/MOUNT EDEN",NA
"1777 MADISON AVENUE","Income-restricted, HDFC","HARLEM-EAST",NA
"1779 2ND AVE","Limited-equity, Mitchell Lama",NA,NA
"1779 MADISON AVENUE","Income-restricted, HDFC","HARLEM-EAST",NA
"178 WEST 81 STREET","Income-restricted, HDFC",NA,NA
"1794 AMSTERDAM AVENUE","Income-restricted, HDFC",NA,NA
"18 EAST 132 STREET","Income-restricted, HDFC","HARLEM-CENTRAL",NA
"180 EAST 104 STREET","Income-restricted, HDFC","HARLEM-EAST",NA
"180 ST NICHOLAS AVENUE","Income-restricted, HDFC","HARLEM-CENTRAL",NA
"1801 ADAM C POWELL BOULEVARD","Income-restricted, HDFC","HARLEM-CENTRAL",NA
"1809 ADAM C POWELL BOULEVARD","Income-restricted, HDFC","HARLEM-CENTRAL",NA
"1810 BRUCKNER BOULEVARD","Limited-equity, Mitchell Lama",NA,NA
"1813 AMSTERDAM AVENUE","Income-restricted, HDFC",NA,NA
"1815 PROSPECT AVENUE","Income-restricted, HDFC","CROTONA PARK",NA
"1828 EASTERN PARKWAY","Income-restricted, HDFC",NA,NA
"183 STANTON STREET","Income-restricted, HDFC",NA,NA
"1834 2 AVENUE","Income-restricted, HDFC","UPPER EAST SIDE (79-96)",NA
"184 CONSELYEA STREET","Income-restricted, HDFC",NA,NA
"184 MONROE STREET","Income-restricted, HDFC","BEDFORD STUYVESANT",1931
"184 VAN BUREN STREET","Income-restricted, HDFC",NA,NA
"1840 ADAM C POWELL BOULEVARD","Income-restricted, HDFC","HARLEM-CENTRAL",NA
"1842 ADAM C POWELL BOULEVARD","Income-restricted, HDFC",NA,NA
"185 EAST 163 STREET","Income-restricted, HDFC","MELROSE/CONCOURSE",NA
"185 EAST 2 STREET","Income-restricted, HDFC","ALPHABET CITY",NA
"185 WEST 135 STREET","Income-restricted, HDFC",NA,NA
"185 WEST 170 STREET","Income-restricted, HDFC","HIGHBRIDGE/MORRIS HEIGHTS",NA
"1850 ADAM C POWELL BOULEVARD","Income-restricted, HDFC",NA,NA
"1854 MONROE AVENUE","Income-restricted, HDFC","MOUNT HOPE/MOUNT EDEN",NA
"1855 ADAM C POWELL BOULEVARD","Income-restricted, HDFC","HARLEM-CENTRAL",NA
"186 EAST 111 STREET","Income-restricted, HDFC",NA,NA
"1862 3 AVENUE","Income-restricted, HDFC","HARLEM-EAST",NA
"1864 ADAM C POWELL BOULEVARD","Income-restricted, HDFC","HARLEM-CENTRAL",NA
"1868-69 7 AVENUE","Income-restricted, HDFC",NA,NA
"187 WEST 135 STREET","Income-restricted, HDFC",NA,NA
"187 WEST 80 STREET","Income-restricted, HDFC",NA,NA
"1878 ADAM C POWELL BOULEVARD","Income-restricted, HDFC","HARLEM-CENTRAL",NA
"1879 AMSTERDAM AVENUE","Income-restricted, HDFC",NA,NA
"188 8 AVENUE","Income-restricted, HDFC",NA,NA
"188 EAST 3 STREET","Income-restricted, HDFC",NA,NA
"1883 MADISON AVENUE","Income-restricted, HDFC",NA,NA
"1889 7 AVENUE","Income-restricted, HDFC",NA,NA
"1889 VYSE AVENUE","Income-restricted, HDFC",NA,NA
"1890 PACIFIC STREET","Income-restricted, HDFC",NA,NA
"1898 LONGFELLOW AVENUE","Income-restricted, HDFC","EAST TREMONT",NA
"19 BEDFORD STREET","Income-restricted, HDFC",NA,NA
"19 FRONT SCHOLES STREET","Income-restricted, HDFC",NA,NA
"19 KINGSLAND AVENUE","Income-restricted, HDFC",NA,NA
"19 WEST 106 STREET","Income-restricted, HDFC","MANHATTAN VALLEY",NA
"1900 LONGFELLOW AVENUE","Income-restricted, HDFC","EAST TREMONT",NA
"191 ROCHESTER AVENUE","Income-restricted, HDFC",NA,NA
"1919 MADISON AVENUE","Income-restricted, HDFC",NA,NA
"192 SKILLMAN STREET","Income-restricted, HDFC",NA,NA
"1922 CROTONA PARKWAY","Income-restricted, HDFC","EAST TREMONT",NA
"1925 3 AVENUE","Limited-equity, Mitchell Lama",NA,NA
"1933 MADISON AVENUE","Income-restricted, HDFC",NA,NA
"194 MANHATTAN AVENUE","Income-restricted, HDFC",NA,NA
"1940 AMSTERDAM AVENUE","Income-restricted, HDFC",NA,NA
"1944 LORING PLACE SOUTH","Income-restricted, HDFC",NA,NA
"195 SOUTH 4 STREET","Income-restricted, HDFC","WILLIAMSBURG-SOUTH",1920
"1950 HUTCH RIVER PARKWAY EAST","Limited-equity, Mitchell Lama","SCHUYLERVILLE/PELHAM BAY",NA
"1952 ADAM C POWELL BOULEVARD","Income-restricted, HDFC",NA,NA
"1954 AMSTERDAM AVENUE","Income-restricted, HDFC",NA,NA
"1954 AMSTERDAM AVENUE","Income-restricted, HDFC",NA,NA
"196 AVENUE B","Income-restricted, HDFC",NA,NA
"1961 MAPES AVENUE","Income-restricted, HDFC","EAST TREMONT",NA
"1961 WASHINGTON AVENUE","Income-restricted, HDFC",NA,NA
"1964 NEWBOLD AVENUE","Income-restricted, HDFC",NA,NA
"1966 DR M L KING JR BOULEVARD","Income-restricted, HDFC","HIGHBRIDGE/MORRIS HEIGHTS",NA
"1974 CROTONA AVENUE","Income-restricted, HDFC","EAST TREMONT",NA
"1981 AMSTERDAM AVENUE","Income-restricted, HDFC",NA,NA
"1986 GRAND AVENUE","Income-restricted, HDFC","HIGHBRIDGE/MORRIS HEIGHTS",NA
"1987 AMSTERDAM AVENUE","Income-restricted, HDFC","WASHINGTON HEIGHTS LOWER",NA
"199 STANTON STREET","Income-restricted, HDFC",NA,NA
"1993 AMSTERDAM AVENUE","Income-restricted, HDFC","WASHINGTON HEIGHTS LOWER",NA
"2 ARLINGTON PLACE","Income-restricted, HDFC",NA,NA
"2 DIVISION STREET","Limited-equity, Mitchell Lama",NA,NA
"2 SUNNYSIDE DRIVE YONKERS","Limited-equity",NA,NA
"2 WEBSTER AVENUE","Income-restricted, HDFC","BOROUGH PARK",1931
"20 EAST 116 STREET","Income-restricted, HDFC","HARLEM-EAST",NA
"200 CLAREMONT AVENUE","Income-restricted, HDFC","MORNINGSIDE HEIGHTS",NA
"200 KINGSLAND AVENUE","Income-restricted, HDFC",NA,NA
"200 WEST 105 STREET","Income-restricted, HDFC",NA,NA
"2000 DALY AVENUE","Income-restricted, HDFC","EAST TREMONT",NA
"2001 LA FONTAINE AVENUE","Income-restricted, HDFC",NA,NA
"2015 GRAND AVENUE","Income-restricted, HDFC","HIGHBRIDGE/MORRIS HEIGHTS",NA
"2015 SHORE PARKWAY SR NORTH","Limited-equity, Mitchell Lama",NA,NA
"2016 MARMION AVENUE","Income-restricted, HDFC",NA,NA
"2016 THIRD AVENUE","Income-restricted, HDFC",NA,NA
"2017 GRAND CONCOURSE","Income-restricted, HDFC",NA,NA
"2018 DALY AVENUE","Income-restricted, HDFC",NA,NA
"202 65 STREET","Limited-equity, Mitchell Lama",NA,NA
"202 KINGSLAND AVENUE","Income-restricted, HDFC",NA,NA
"202 WEST 105 STREET","Income-restricted, HDFC",NA,NA
"202 WEST 118 STREET","Income-restricted, HDFC","HARLEM-CENTRAL",NA
"2023 BELMONT AVE","Income-restricted, HDFC",NA,NA
"2024 HUGHES AVENUE","Income-restricted, HDFC","EAST TREMONT",NA
"2025 VALENTINE AVENUE","Income-restricted, HDFC","FORDHAM",NA
"2031 BARTOW AVENUE","Limited-equity, Mitchell Lama",NA,NA
"2039 ADAM C POWELL BOULEVARD","Income-restricted, HDFC",NA,NA
"2039 HUGHES AVENUE","Income-restricted, HDFC","EAST TREMONT",NA
"204 BUSHWICK AVENUE","Income-restricted, HDFC",NA,NA
"204 WEST 105 STREET","Income-restricted, HDFC",NA,NA
"204 WEST 118 STREET","Income-restricted, HDFC","HARLEM-CENTRAL",NA
"2041 5 AVENUE","Income-restricted, HDFC",NA,NA
"2042 5 AVENUE","Income-restricted, HDFC","HARLEM-CENTRAL",NA
"205 EAST 124 STREET","Income-restricted, HDFC","HARLEM-EAST",NA
"205 EAST BROADWAY","Income-restricted, HDFC",NA,NA
"206 WEST 105 STREET","Income-restricted, HDFC",NA,NA
"206 WEST 121 STREET","Income-restricted, HDFC","HARLEM-CENTRAL",NA
"2061 ADAM C POWELL BOULEVARD","Income-restricted, HDFC",NA,NA
"207 LENOX AVENUE","Income-restricted, HDFC",NA,NA
"207 TROY AVENUE","Income-restricted, HDFC",NA,NA
"207 WEST 144 STREET","Income-restricted, HDFC",NA,NA
"207 WEST 147 STREET","Income-restricted, HDFC","HARLEM-CENTRAL",NA
"2070 1 AVENUE","Limited-equity, Mitchell Lama","HARLEM-EAST",NA
"2076 BATHGATE AVENUE","Income-restricted, HDFC",NA,NA
"208 FORSYTH STREET","Income-restricted, HDFC","LOWER EAST SIDE",NA
"208 WEST 105 STREET","Income-restricted, HDFC",NA,NA
"2084 MADISON AVENUE","Income-restricted, HDFC",NA,NA
"2087 AMSTERDAM AVENUE","Income-restricted, HDFC","WASHINGTON HEIGHTS LOWER",NA
"2088 MADISON AVENUE","Income-restricted, HDFC",NA,NA
"2089 AMSTERDAM AVENUE","Income-restricted, HDFC","WASHINGTON HEIGHTS LOWER",NA
"209 EAST 7 STREET","Income-restricted, HDFC",NA,NA
"2091 AMSTERDAM AVENUE","Income-restricted, HDFC","WASHINGTON HEIGHTS LOWER",NA
"2091 ARTHUR AVENUE","Income-restricted, HDFC",NA,NA
"2094 MADISON AVENUE","Income-restricted, HDFC",NA,NA
"21 AVENUE C","Income-restricted, HDFC",NA,NA
"21 AVENUE D","Income-restricted, HDFC",NA,NA
"21 EAST 3 STREET","Income-restricted, HDFC",NA,NA
"210 EAST 17 STREET","Income-restricted, HDFC","GRAMERCY",NA
"210 FORSYTH STREET","Income-restricted, HDFC",NA,NA
"210 WEST 105 STREET","Income-restricted, HDFC",NA,NA
"211 FRANKLIN STREET","Income-restricted, HDFC",NA,NA
"211 ST JAMES PLACE","Income-restricted, HDFC","CLINTON HILL",1930
"211 WEST 10 STREET","Income-restricted, HDFC","GREENWICH VILLAGE-WEST",NA
"211 WEST 135 STREET","Income-restricted, HDFC",NA,NA
"211 WEST 144 STREET","Income-restricted, HDFC",NA,NA
"2114 BELMONT AVENUE","Income-restricted, HDFC","EAST TREMONT",NA
"2116 HONEYWELL AVENUE","Income-restricted, HDFC",NA,NA
"212 EAST TREMONT AVENUE","Income-restricted, HDFC",NA,NA
"212 FORSYTH STREET","Income-restricted, HDFC",NA,NA
"212 WEST 105 STREET","Income-restricted, HDFC",NA,NA
"212 WEST 108 STREET","Income-restricted, HDFC","UPPER WEST SIDE (96-116)",NA
"2120 MAPES AVENUE","Income-restricted, HDFC","EAST TREMONT",NA
"2122 VALENTINE AVENUE","Income-restricted, HDFC","FORDHAM",NA
"2127 BATHGATE AVENUE","Income-restricted, HDFC",NA,NA
"213 MOTT STREET","Income-restricted, HDFC","LITTLE ITALY",NA
"2130 TIEBOUT AVENUE","Income-restricted, HDFC",NA,NA
"2131 CLINTON AVENUE","Income-restricted, HDFC","EAST TREMONT",NA
"2139 AMSTERDAM AVENUE","Income-restricted, HDFC",NA,NA
"214 BRADHURST AVENUE","Income-restricted, HDFC","HARLEM-CENTRAL",NA
"214 WEST 105 STREET","Income-restricted, HDFC",NA,NA
"2141 CROTONA AVENUE","Limited-equity, Mitchell Lama",NA,NA
"2141 PROSPECT AVENUE","Income-restricted, HDFC","EAST TREMONT",NA
"2146 CORTELYOU ROAD","Income-restricted, HDFC",NA,NA
"2149 PACIFIC STREET","Income-restricted, HDFC",NA,NA
"215 MOTT STREET","Income-restricted, HDFC","LITTLE ITALY",NA
"2151 5 AVENUE","Income-restricted, HDFC",NA,NA
"2159 1 AVENUE","Income-restricted, HDFC","HARLEM-EAST",NA
"216 EAST 88 STREET","Limited-equity, Mitchell Lama",NA,NA
"216 EAST TREMONT AVENUE","Income-restricted, HDFC",NA,NA
"2161 1 AVENUE","Income-restricted, HDFC",NA,NA
"2163 MORRIS AVENUE","Income-restricted, HDFC","FORDHAM",NA
"21-66 33RD ROAD LONG ISLAND CITY","Limited-equity",NA,NA
"2167 CROTONA AVENUE","Income-restricted, HDFC","EAST TREMONT",NA
"2168 2 AVENUE","Income-restricted, HDFC",NA,NA
"217 KINGSLAND AVENUE","Income-restricted, HDFC",NA,NA
"2170 2 AVENUE","Income-restricted, HDFC",NA,NA
"2181 ADAM C POWELL BOULEVARD","Income-restricted, HDFC",NA,NA
"2181 PACIFIC STREET","Income-restricted, HDFC",NA,NA
"2182 ATLANTIC AVENUE","Income-restricted, HDFC","OCEAN HILL",1910
"2185 PACIFIC STREET","Income-restricted, HDFC",NA,NA
"219 EAST 7 STREET","Income-restricted, HDFC","ALPHABET CITY",NA
"219 HOPKINSON AVENUE","Income-restricted, HDFC",NA,NA
"219 WEST 144 STREET","Income-restricted, HDFC","HARLEM-CENTRAL",NA
"220 EAST 10 STREET","Income-restricted, HDFC","EAST VILLAGE",NA
"220 LEE AVENUE","Income-restricted, HDFC",NA,NA
"221 EAST 173 STREET","Income-restricted, HDFC","MOUNT HOPE/MOUNT EDEN",NA
"223 EAST 3 STREET","Income-restricted, HDFC","ALPHABET CITY",NA
"223 EAST 4 STREET","Income-restricted, HDFC","ALPHABET CITY",NA
"2245 HUGHES AVENUE","Income-restricted, HDFC",NA,NA
"2247 HUGHES AVENUE","Income-restricted, HDFC",NA,NA
"225 AVENUE T","Limited-equity, Mitchell Lama","GRAVESEND",1960
"225 EAST 4 STREET","Income-restricted, HDFC","ALPHABET CITY",NA
"2250 WEBSTER AVENUE","Income-restricted, HDFC","BATHGATE",NA
"226  WEST 111 ST","Income-restricted, HDFC",NA,NA
"226 WEST 113 STREET","Income-restricted, HDFC","HARLEM-CENTRAL",NA
"2268 AMSTERDAM AVENUE","Income-restricted, HDFC",NA,NA
"227 EAST 14 STREET","Income-restricted, HDFC","GRAMERCY",NA
"227 SOUTH 2 STREET","Income-restricted, HDFC",NA,NA
"227 SOUTH 3 STREET","Income-restricted, HDFC",NA,NA
"2279 5 AVENUE","Limited-equity, Mitchell Lama",NA,NA
"2279 TIEBOUT AVENUE","Income-restricted, HDFC","FORDHAM",NA
"228 CRYSTAL STREET","Income-restricted, HDFC",NA,NA
"2283 2 AVENUE","Income-restricted, HDFC",NA,NA
"2285 2 AVENUE","Income-restricted, HDFC",NA,NA
"229 EAST 14 STREET","Income-restricted, HDFC","GRAMERCY",NA
"229 EAST 4 STREET","Income-restricted, HDFC",NA,NA
"229 LEE AVENUE","Income-restricted, HDFC",NA,NA
"229 WEST 111 STREET","Income-restricted, HDFC","HARLEM-CENTRAL",NA
"229 WEST 144 STREET","Income-restricted, HDFC","HARLEM-CENTRAL",NA
"229 WEST 148 STREET","Income-restricted, HDFC",NA,NA
"2292 LORING PLACE NORTH","Income-restricted, HDFC",NA,NA
"2296 AMSTERDAM AVENUE","Income-restricted, HDFC",NA,NA
"23 EAST 3 STREET","Income-restricted, HDFC",NA,NA
"230 BUSHWICK AVENUE","Income-restricted, HDFC",NA,NA
"230 EAST 95 STREET","Income-restricted, HDFC",NA,NA
"230 LEE AVENUE","Income-restricted, HDFC",NA,NA
"2301 ADAM C POWELL BOULEVARD","Income-restricted, HDFC",NA,NA
"231 5 AVENUE","Income-restricted, HDFC",NA,NA
"231 EAST 10 STREET","Income-restricted, HDFC","EAST VILLAGE",NA
"231 MAUJER STREET","Income-restricted, HDFC",NA,NA
"2310 CLARENDON ROAD","Income-restricted, HDFC","FLATBUSH-CENTRAL",1931
"2316 2 AVENUE","Income-restricted, HDFC",NA,NA
"232 CRYSTAL STREET","Income-restricted, HDFC",NA,NA
"232 MOFFAT STREET","Income-restricted, HDFC",NA,NA
"2323 LORING PLACE NORTH","Income-restricted, HDFC",NA,NA
"2323 NEWKIRK AVENUE","Income-restricted, HDFC","FLATBUSH-CENTRAL",1934
"233 STUYVESANT AVENUE","Income-restricted, HDFC",NA,NA
"2333 GRAND AVENUE","Income-restricted, HDFC","KINGSBRIDGE HTS/UNIV HTS",NA
"234 WEST 106 STREET","Income-restricted, HDFC","UPPER WEST SIDE (96-116)",NA
"235 EAST 121 STREET","Income-restricted, HDFC",NA,NA
"236 NEW JERSEY AVENUE","Income-restricted, HDFC",NA,NA
"237 HANCOCK STREET","Income-restricted, HDFC",NA,NA
"237 WEST 135 STREET","Income-restricted, HDFC",NA,NA
"237-39 ELRIDGE STREET","Income-restricted, HDFC",NA,NA
"238 WEST 112 STREET","Income-restricted, HDFC",NA,NA
"2384 MORRIS AVENUE","Income-restricted, HDFC",NA,NA
"2386 ARTHUR AVENUE","Income-restricted, HDFC","BELMONT",NA
"239 EAST 2 STREET","Income-restricted, HDFC",NA,NA
"239 SOUTH 3 STREET","Income-restricted, HDFC",NA,NA
"24 CLINTON STREET","Income-restricted, HDFC",NA,NA
"24 COOPER STREET","Income-restricted, HDFC","INWOOD",NA
"24 ST MARKS PLACE","Income-restricted, HDFC",NA,NA
"240 ECHO PLACE","Income-restricted, HDFC","MOUNT HOPE/MOUNT EDEN",NA
"240 NAGLE AVENUE","Limited-equity, Mitchell Lama",NA,NA
"240 WEST 112 STREET","Income-restricted, HDFC",NA,NA
"2400 BARKER AVENUE","Limited-equity, Mitchell Lama",NA,NA
"2400 DAVIDSON AVENUE","Income-restricted, HDFC","KINGSBRIDGE HTS/UNIV HTS",NA
"241 SOUTH 3 STREET","Income-restricted, HDFC",NA,NA
"241 ST NICHOLAS AVENUE","Income-restricted, HDFC",NA,NA
"241 WEST 111 STREET","Income-restricted, HDFC","HARLEM-CENTRAL",NA
"2410 DAVIDSON AVENUE","Income-restricted, HDFC","KINGSBRIDGE HTS/UNIV HTS",NA
"2414 CRESTON AVENUE","Income-restricted, HDFC","FORDHAM",NA
"2416 NEWKIRK AVENUE","Income-restricted, HDFC","FLATBUSH-CENTRAL",1931
"242 SOUTH 2 STREET","Income-restricted, HDFC",NA,NA
"242 WEST 112 STREET","Income-restricted, HDFC","HARLEM-CENTRAL",NA
"2420 BEAUMONT AVENUE","Income-restricted, HDFC","BELMONT",NA
"243F MULBERRY STREET","Income-restricted, HDFC",NA,NA
"244 ELIZABETH STREET","Income-restricted, HDFC",NA,NA
"2440 AMSTERDAM AVENUE","Income-restricted, HDFC","WASHINGTON HEIGHTS UPPER",NA
"2456 ARTHUR AVENUE","Income-restricted, HDFC",NA,NA
"2475 WEST 16 STREET","Limited-equity, Mitchell Lama","GRAVESEND",1963
"248 EAST 3 STREET","Income-restricted, HDFC",NA,NA
"248 PULASKI STREET","Income-restricted, HDFC",NA,NA
"25 EAST 3 STREET","Income-restricted, HDFC",NA,NA
"25 STRATFORD ROAD","Income-restricted, HDFC","FLATBUSH-CENTRAL",1931
"250 EAST 178 STREET","Income-restricted, HDFC","MOUNT HOPE/MOUNT EDEN",NA
"2502 BATCHELDER STREET","Limited-equity, Mitchell Lama",NA,NA
"251 EAST 204 STREET","Income-restricted, HDFC",NA,NA
"2512 ADAM C POWELL BOULEVARD","Income-restricted, HDFC",NA,NA
"252 HEYWARD STREET","Income-restricted, HDFC",NA,NA
"2525 BATCHELDER STREET","Limited-equity, Mitchell Lama",NA,NA
"254 EAST 184 STREET","Income-restricted, HDFC","FORDHAM",NA
"256 MANHATTAN AVENUE","Income-restricted, HDFC",NA,NA
"256 SOUTH 4 STREET","Income-restricted, HDFC",NA,NA
"256 WEST 117 STREET","Income-restricted, HDFC","HARLEM-CENTRAL",NA
"26 HAVEMEYER STREET","Income-restricted, HDFC",NA,NA
"26 ST NICHOLAS AVENUE","Income-restricted, HDFC",NA,NA
"263 DEVOE STREET","Income-restricted, HDFC",NA,NA
"263 SOUTH 2 STREET","Income-restricted, HDFC","WILLIAMSBURG-SOUTH",1930
"265 LEE AVENUE","Income-restricted, HDFC",NA,NA
"265 POWERS STREET","Income-restricted, HDFC",NA,NA
"2651 WEST 36 STREET","Limited-equity, Mitchell Lama",NA,NA
"2665 DECATUR AVENUE","Income-restricted, HDFC","BEDFORD PARK/NORWOOD",NA
"2670 VALENTINE AVENUE","Income-restricted, HDFC",NA,NA
"2674 VALENTINE AVENUE","Income-restricted, HDFC","BEDFORD PARK/NORWOOD",NA
"2676 DECATUR AVENUE","Income-restricted, HDFC","BEDFORD PARK/NORWOOD",NA
"268 EAST 181 STREET","Income-restricted, HDFC","FORDHAM",NA
"268 EAST 4 STREET","Income-restricted, HDFC","ALPHABET CITY",NA
"269 WEST 153 STREET","Income-restricted, HDFC","HARLEM-CENTRAL",NA
"27 EAST 3 STREET","Income-restricted, HDFC",NA,NA
"27 WEST 84 STREET","Income-restricted, HDFC",NA,NA
"270 9 AVENUE","Limited-equity","CHELSEA",NA
"270 CONVENT AVENUE","Income-restricted, HDFC","HARLEM-UPPER",NA
"270 EAST 162 STREET","Income-restricted, HDFC","MELROSE/CONCOURSE",NA
"272 ALEXANDER AVENUE","Income-restricted, HDFC",NA,NA
"272 GATES AVENUE","Income-restricted, HDFC","BEDFORD STUYVESANT",1930
"272 SOUTH 5 STREET","Income-restricted, HDFC",NA,NA
"272 ST JAMES PLACE","Income-restricted, HDFC",NA,NA
"2728 BROADWAY","Income-restricted, HDFC","UPPER WEST SIDE (96-116)",NA
"274 ALEXANDER AVENUE","Income-restricted, HDFC",NA,NA
"274 EAST 194 STREET","Income-restricted, HDFC","FORDHAM",NA
"274 SOUTH 2 STREET","Income-restricted, HDFC",NA,NA
"277 GRAND STREET","Income-restricted, HDFC",NA,NA
"2779 8 AVENUE","Income-restricted, HDFC",NA,NA
"279 ALBA AVENUE","Income-restricted, HDFC",NA,NA
"28 CLAVER PLACE","Income-restricted, HDFC",NA,NA
"28 COLUMBUS AVE SPRING VALLEY","Limited-equity",NA,NA
"280 DEAN STREET","Income-restricted, HDFC","BOERUM HILL",1900
"280 MOTT STREET","Income-restricted, HDFC",NA,NA
"281 CLASSON AVENUE","Income-restricted, HDFC",NA,NA
"2814 WEST 8 STREET","Limited-equity, Mitchell Lama",NA,NA
"2820 OCEAN PARKWAY","Limited-equity, Mitchell Lama",NA,NA
"283 PARKSIDE AVENUE","Income-restricted, HDFC","FLATBUSH-LEFFERTS GARDEN",1920
"284 MANHATTAN AVENUE","Income-restricted, HDFC",NA,NA
"285 EAST 4 STREET","Income-restricted, HDFC",NA,NA
"286 WEST 151 STREET","Income-restricted, HDFC",NA,NA
"2865 KINGSBRIDGE TERRACE","Limited-equity, Mitchell Lama","KINGSBRIDGE/JEROME PARK",NA
"289 PARKSIDE AVENUE","Income-restricted, HDFC","FLATBUSH-LEFFERTS GARDEN",1920
"29 CONVENT AVENUE","Income-restricted, HDFC","HARLEM-WEST",NA
"29 WEST 119 STREET","Income-restricted, HDFC","HARLEM-CENTRAL",NA
"290 BROOME STREET","Income-restricted, HDFC",NA,NA
"290 EAST 2 STREET","Income-restricted, HDFC","ALPHABET CITY",NA
"290 W 232 ST","Limited-equity, Mitchell Lama",NA,NA
"292 EAST 3 STREET","Income-restricted, HDFC",NA,NA
"295 STANHOPE STREET","Income-restricted, HDFC",NA,NA
"298 EAST 3 STREET","Income-restricted, HDFC",NA,NA
"299 MADISON STREET","Limited-equity, Mitchell Lama",NA,NA
"3 EAST 131 STREET","Income-restricted, HDFC",NA,NA
"30 MACOMBS PLACE","Income-restricted, HDFC","HARLEM-CENTRAL",NA
"30 WEST 119 STREET","Income-restricted, HDFC",NA,NA
"3000 BRONX PARK EAST","Limited-equity, Mitchell Lama","BRONXDALE",NA
"302 CONVENT AVENUE","Income-restricted, HDFC","HARLEM-UPPER",NA
"302 EAST 119 STREET","Income-restricted, HDFC",NA,NA
"303 EAST 8 STREET","Income-restricted, HDFC","ALPHABET CITY",NA
"304 SOUTH 3 STREET","Income-restricted, HDFC","WILLIAMSBURG-SOUTH",1915
"305 EAST 171 STREET","Income-restricted, HDFC",NA,NA
"306 EAST 8 STREET","Income-restricted, HDFC",NA,NA
"307 EAST 4 STREET","Income-restricted, HDFC","ALPHABET CITY",NA
"307 WEST 107 STREET","Income-restricted, HDFC",NA,NA
"307 WEST 111 STREET","Income-restricted, HDFC",NA,NA
"307 WEST 153 STREET","Income-restricted, HDFC","HARLEM-CENTRAL",NA
"308 EAST 120 STREET","Income-restricted, HDFC",NA,NA
"309 EAST HOUSTON STREET","Income-restricted, HDFC","LOWER EAST SIDE",NA
"309 LAFAYETTE AVENUE","Limited-equity, Mitchell Lama","CLINTON HILL",1963
"31 KINGSLAND AVENUE","Income-restricted, HDFC",NA,NA
"31 PATCHEN AVENUE","Income-restricted, HDFC",NA,NA
"310 EAST 25 STREET","Limited-equity, Mitchell Lama",NA,NA
"310 GATES AVENUE","Income-restricted, HDFC",NA,NA
"310 WEST 122 STREET","Income-restricted, HDFC",NA,NA
"311 EAST 3 STREET","Income-restricted, HDFC",NA,NA
"3115 BROADWAY","Income-restricted, HDFC","MORNINGSIDE HEIGHTS",NA
"312 LINCOLN ROAD","Income-restricted, HDFC",NA,NA
"312 SOUTH 3 STREET","Income-restricted, HDFC",NA,NA
"312 WEST 122 STREET","Income-restricted, HDFC",NA,NA
"312 WEST 49 STREET","Income-restricted, HDFC","MIDTOWN WEST",NA
"313 EAST HOUSTON STREET","Income-restricted, HDFC",NA,NA
"313 MILFORD STREET","Income-restricted, HDFC",NA,NA
"314 POWERS STREET","Income-restricted, HDFC",NA,NA
"314 WEST 36 STREET","Income-restricted, HDFC",NA,NA
"316 WEST 36 STREET","Income-restricted, HDFC","FASHION",NA
"316 WEST 47 STREET","Income-restricted, HDFC",NA,NA
"3165 BROADWAY","Income-restricted, HDFC","MORNINGSIDE HEIGHTS",NA
"317 EAST 3 STREET","Income-restricted, HDFC","ALPHABET CITY",NA
"3177 VILLA AVENUE","Income-restricted, HDFC",NA,NA
"318 EAST 151 STREET","Income-restricted, HDFC","MELROSE/CONCOURSE",NA
"318 UNION AVENUE","Income-restricted, HDFC",NA,NA
"318 WEST 36 STREET","Income-restricted, HDFC","FASHION",NA
"319 BERRIMAN STREET","Income-restricted, HDFC",NA,NA
"319 E 24 ST","Limited-equity",NA,NA
"319 WEST 47 STREET","Income-restricted, HDFC","MIDTOWN WEST",NA
"32 EAST 2 STREET","Income-restricted, HDFC","EAST VILLAGE",NA
"32 HERKIMER STREET","Income-restricted, HDFC",NA,NA
"320 EAST 151 STREET","Income-restricted, HDFC","MELROSE/CONCOURSE",NA
"320 EAST 4 STREET","Income-restricted, HDFC",NA,NA
"320 STERLING STREET","Income-restricted, HDFC",NA,NA
"320 WEST 53 STREET","Income-restricted, HDFC",NA,NA
"321 PLEASANT AVENUE","Income-restricted, HDFC",NA,NA
"3215 OLINVILLE AVENUE","Income-restricted, HDFC","BRONXDALE",NA
"322 WEST 17 STREET","Income-restricted, HDFC","CHELSEA",NA
"322 WEST 47 STREET","Income-restricted, HDFC",NA,NA
"323 EDGECOMBE AVENUE","Income-restricted, HDFC","HARLEM-CENTRAL",NA
"323 PLEASANT AVENUE","Income-restricted, HDFC",NA,NA
"323 WEST 43 STREET","Income-restricted, HDFC","MIDTOWN WEST",NA
"324 WEST 17 STREET","Income-restricted, HDFC","CHELSEA",NA
"325 BEDFORD AVENUE","Income-restricted, HDFC","WILLIAMSBURG-SOUTH",1920
"325 PLEASANT AVENUE","Income-restricted, HDFC",NA,NA
"325 WEST 43 STREET","Income-restricted, HDFC","MIDTOWN WEST",NA
"326 WEST 17 STREET","Income-restricted, HDFC",NA,NA
"326 WEST 43 STREET","Income-restricted, HDFC","MIDTOWN WEST",NA
"326 WEST 45 STREET","Income-restricted, HDFC",NA,NA
"3260 CRUGER AVENUE","Limited-equity, Mitchell Lama","BRONXDALE",NA
"327 EDGECOMBE AVENUE","Income-restricted, HDFC","HARLEM-CENTRAL",NA
"327 KEAP STREET","Income-restricted, HDFC",NA,NA
"327 LENOX AVENUE","Income-restricted, HDFC","HARLEM-CENTRAL",NA
"327 PLEASANT AVENUE","Income-restricted, HDFC",NA,NA
"327 PUTNAM AVENUE","Income-restricted, HDFC",NA,NA
"3279 HULL AVENUE","Income-restricted, HDFC","BEDFORD PARK/NORWOOD",NA
"328E EAST 106 STREET","Income-restricted, HDFC",NA,NA
"33 CONVENT AVENUE","Income-restricted, HDFC","HARLEM-WEST",NA
"330 SOUTH 3 STREET","Income-restricted, HDFC",NA,NA
"333 EAST 209 STREET","Income-restricted, HDFC","BEDFORD PARK/NORWOOD",NA
"333 LAFAYETTE AVENUE","Limited-equity, Mitchell Lama","CLINTON HILL",1963
"336 EAST 4 STREET","Income-restricted, HDFC","ALPHABET CITY",NA
"340 MANHATTAN AVENUE","Income-restricted, HDFC",NA,NA
"340 SOUTH REGENT ST PORT CHESTER","Limited-equity",NA,NA
"340 ST MARKS AVENUE","Income-restricted, HDFC",NA,NA
"3400 FT INDEPENDENCE STREET","Limited-equity, Mitchell Lama","KINGSBRIDGE/JEROME PARK",NA
"3400 PAUL AVENUE","Limited-equity, Mitchell Lama","KINGSBRIDGE/JEROME PARK",NA
"3401 BROADWAY","Income-restricted, HDFC",NA,NA
"3405 BROADWAY","Income-restricted, HDFC","HARLEM-UPPER",NA
"341 BEDFORD AVENUE","Income-restricted, HDFC",NA,NA
"342 EAST 139 STREET","Income-restricted, HDFC",NA,NA
"342 WEST 48 STREET","Income-restricted, HDFC","MIDTOWN WEST",NA
"343 BEDFORD AVENUE","Income-restricted, HDFC","WILLIAMSBURG-SOUTH",1907
"344 SOUTH 3 STREET","Income-restricted, HDFC",NA,NA
"344 WEST 48 STREET","Income-restricted, HDFC","MIDTOWN WEST",NA
"345 3 STREET","Income-restricted, HDFC",NA,NA
"346 BEDFORD AVENUE","Income-restricted, HDFC",NA,NA
"346 WEST 48 STREET","Income-restricted, HDFC",NA,NA
"348 EAST 10 STREET","Income-restricted, HDFC",NA,NA
"348 WEST 48 STREET","Income-restricted, HDFC",NA,NA
"3485 BROADWAY","Income-restricted, HDFC","HARLEM-UPPER",NA
"349 SOUTH 1 STREET","Income-restricted, HDFC",NA,NA
"35 KINGSLAND AVENUE","Income-restricted, HDFC",NA,NA
"35 MT MORRIS PARK WEST","Income-restricted, HDFC","HARLEM-CENTRAL",NA
"35 WEST 105 STREET","Income-restricted, HDFC",NA,NA
"350 SOUTH 4 STREET","Income-restricted, HDFC",NA,NA
"350 WEST 48 STREET","Income-restricted, HDFC",NA,NA
"3501 BARNES AVENUE","Limited-equity, Mitchell Lama",NA,NA
"352 WEST 11 STREET","Income-restricted, HDFC",NA,NA
"353 BEACH 57 STREET","Limited-equity, Mitchell Lama",NA,NA
"353 WEST 117 STREET","Income-restricted, HDFC","HARLEM-CENTRAL",NA
"353 WEST 47 STREET","Income-restricted, HDFC","MIDTOWN WEST",NA
"3531 3 AVENUE","Income-restricted, HDFC","MORRISANIA/LONGWOOD",NA
"354 SOUTH 4 STREET","Income-restricted, HDFC",NA,NA
"354 WEST 48 STREET","Income-restricted, HDFC",NA,NA
"3551 OLINVILLE AVENUE","Limited-equity, Mitchell Lama",NA,NA
"357 WEST 11 STREET","Income-restricted, HDFC",NA,NA
"357E EAST 201 STREET","Income-restricted, HDFC",NA,NA
"36 HAWTHORNE STREET","Income-restricted, HDFC",NA,NA
"36 WEST 138 STREET","Income-restricted, HDFC",NA,NA
"364 ST ANNS AVENUE","Income-restricted, HDFC",NA,NA
"364 WEST 121 STREET","Income-restricted, HDFC",NA,NA
"367 EAST 10 STREET","Income-restricted, HDFC","ALPHABET CITY",NA
"3679 BROADWAY","Income-restricted, HDFC",NA,NA
"368 EAST 8 STREET","Income-restricted, HDFC","ALPHABET CITY",NA
"368 HOOPER STREET","Income-restricted, HDFC",NA,NA
"369 EDGECOMBE AVENUE","Income-restricted, HDFC","HARLEM-CENTRAL",NA
"3692 BROADWAY","Income-restricted, HDFC","HARLEM-UPPER",NA
"3696 BROADWAY","Income-restricted, HDFC",NA,NA
"37 KINGSLAND AVENUE","Income-restricted, HDFC",NA,NA
"37 MALCOLM X BOULEVARD","Income-restricted, HDFC",NA,NA
"370 HOOPER STREET","Income-restricted, HDFC",NA,NA
"371 EDGECOMBE AVENUE","Income-restricted, HDFC","HARLEM-CENTRAL",NA
"371 WEST 120 STREET","Income-restricted, HDFC","HARLEM-CENTRAL",NA
"37-12 ASTORIA BOULEVARD SOUTH","Income-restricted, HDFC",NA,NA
"373 GRAND AVENUE","Income-restricted, HDFC",NA,NA
"374 SOUTH 2 STREET","Income-restricted, HDFC","WILLIAMSBURG-SOUTH",1924
"374 WEST 127 STREET","Income-restricted, HDFC",NA,NA
"375 MANHATTAN AVENUE","Income-restricted, HDFC","MANHATTAN VALLEY",NA
"379 HANCOCK STREET","Income-restricted, HDFC",NA,NA
"38 DOWNING STREET","Income-restricted, HDFC","GREENWICH VILLAGE-WEST",NA
"38 WEST 130 STREET","Income-restricted, HDFC",NA,NA
"3800 WALDO AVENUE","Limited-equity, Mitchell Lama","KINGSBRIDGE/JEROME PARK",NA
"3810 BROADWAY","Income-restricted, HDFC","WASHINGTON HEIGHTS LOWER",NA
"382 WEST STREET","Income-restricted, HDFC",NA,NA
"3835 SEDGWICK AVENUE","Limited-equity, Mitchell Lama",NA,NA
"384 KEAP STREET","Income-restricted, HDFC",NA,NA
"3848 10 AVENUE","Income-restricted, HDFC",NA,NA
"3850 BRONX BOULEVARD","Limited-equity, Mitchell Lama","WILLIAMSBRIDGE",NA
"386 2 STREET","Income-restricted, HDFC",NA,NA
"388 HALSEY STREET","Income-restricted, HDFC",NA,NA
"389 EAST 194 STREET","Income-restricted, HDFC","BEDFORD PARK/NORWOOD",NA
"39 SOUTH 9 STREET","Income-restricted, HDFC",NA,NA
"3900 BAILEY AVENUE","Limited-equity, Mitchell Lama","KINGSBRIDGE/JEROME PARK",NA
"392 MARCY AVENUE","Income-restricted, HDFC",NA,NA
"392 SOUTH 5 STREET","Income-restricted, HDFC","WILLIAMSBURG-SOUTH",1920
"394 JEFFERSON AVENUE","Income-restricted, HDFC",NA,NA
"4 WEST 105 STREET","Income-restricted, HDFC","MANHATTAN VALLEY",NA
"40 DOWNING STREET","Income-restricted, HDFC","GREENWICH VILLAGE-WEST",NA
"40 WEST 128 STREET","Income-restricted, HDFC",NA,NA
"400 CONVENT AVENUE","Income-restricted, HDFC","HARLEM-UPPER",NA
"400 EAST 161 STREET","Income-restricted, HDFC",NA,NA
"402 WEST 48 STREET","Income-restricted, HDFC",NA,NA
"404 WEST 48 STREET","Income-restricted, HDFC","CLINTON",NA
"405 WEST 48 STREET","Income-restricted, HDFC","CLINTON",NA
"405 WILLIAMS AVE","Limited-equity",NA,NA
"405 WILLIAMS AVENUE","Income-restricted, HDFC",NA,NA
"406 WEST 47 STREET","Income-restricted, HDFC","CLINTON",NA
"408 WEST 25 STREET","Income-restricted, HDFC","CHELSEA",NA
"409 EDGECOMBE AVENUE","Income-restricted, HDFC","HARLEM-CENTRAL",NA
"41 CONVENT AVENUE","Income-restricted, HDFC","HARLEM-WEST",NA
"41 NORTH ELLIOTT PLACE","Income-restricted, HDFC","NAVY YARD",1942
"411 CHAUNCEY STREET","Income-restricted, HDFC",NA,NA
"412 EAST 10 STREET","Income-restricted, HDFC","ALPHABET CITY",NA
"413 WEST 48 STREET","Income-restricted, HDFC","CLINTON",NA
"414 61 STREET","Income-restricted, HDFC","SUNSET PARK",1912
"414 BRIGHTWATER COURT","Limited-equity, Mitchell Lama",NA,NA
"414 EAST 134 STREET","Income-restricted, HDFC",NA,NA
"414 WEST 146 STREET","Income-restricted, HDFC",NA,NA
"415 BEDFORD AVENUE","Income-restricted, HDFC",NA,NA
"415 EAST 12 STREET","Income-restricted, HDFC","EAST VILLAGE",NA
"416 EAST 10 STREET","Income-restricted, HDFC","ALPHABET CITY",NA
"416 WEST 129 STREET","Income-restricted, HDFC",NA,NA
"418 WEST 129 STREET","Income-restricted, HDFC",NA,NA
"418 WEST 46 STREET","Income-restricted, HDFC","CLINTON",NA
"419 WEST 147 STREET","Income-restricted, HDFC",NA,NA
"42 PATCHEN AVENUE","Income-restricted, HDFC",NA,NA
"42 WEST 138 STREET","Income-restricted, HDFC","HARLEM-CENTRAL",NA
"420 EAST 119 STREET","Income-restricted, HDFC","HARLEM-EAST",NA
"420 WEST 146 STREET","Income-restricted, HDFC","HARLEM-UPPER",NA
"421 CROWN STREET","Income-restricted, HDFC","CROWN HEIGHTS",1923
"421 EAST 157 STREET","Income-restricted, HDFC",NA,NA
"421 WEST 148 STREET","Income-restricted, HDFC",NA,NA
"4214 5 AVENUE","Income-restricted, HDFC",NA,NA
"4218 5 AVENUE","Income-restricted, HDFC",NA,NA
"4220 5 AVENUE","Income-restricted, HDFC",NA,NA
"4226 5 AVENUE","Income-restricted, HDFC",NA,NA
"424 EAST 115 STREET","Income-restricted, HDFC","HARLEM-EAST",NA
"424 WEST 146 STREET","Income-restricted, HDFC","HARLEM-UPPER",NA
"425 EAST 153 STREET","Income-restricted, HDFC","MORRISANIA/LONGWOOD",NA
"4250 KATONAH AVENUE","Limited-equity, Mitchell Lama",NA,NA
"426 EAST 149 STREET","Income-restricted, HDFC","MOTT HAVEN/PORT MORRIS",NA
"427 EAST 6 STREET","Income-restricted, HDFC","EAST VILLAGE",NA
"428 EAST 157 STREET","Income-restricted, HDFC",NA,NA
"429 EAST 157 STREET","Income-restricted, HDFC",NA,NA
"43 5 AVENUE","Income-restricted, HDFC","GREENWICH VILLAGE-CENTRAL",NA
"43 ST JOHNS PLACE","Income-restricted, HDFC",NA,NA
"430 EAST 149 STREET","Income-restricted, HDFC",NA,NA
"430 LENOX AVENUE","Income-restricted, HDFC",NA,NA
"430 ROGERS AVENUE","Income-restricted, HDFC","FLATBUSH-LEFFERTS GARDEN",1907
"430 WEST 46 STREET","Income-restricted, HDFC",NA,NA
"4302 3 AVENUE","Income-restricted, HDFC",NA,NA
"431 STERLING PLACE","Income-restricted, HDFC",NA,NA
"433 WEST 46 STREET","Income-restricted, HDFC","CLINTON",NA
"433 WEST 48 STREET","Income-restricted, HDFC",NA,NA
"434 WEST 49 STREET","Income-restricted, HDFC",NA,NA
"44 DOWNING STREET","Income-restricted, HDFC","GREENWICH VILLAGE-WEST",NA
"440 WESTMINSTER ROAD","Income-restricted, HDFC",NA,NA
"442 BEDFORD AVENUE","Income-restricted, HDFC",NA,NA
"442 WILLIS AVENUE","Income-restricted, HDFC",NA,NA
"443 WEST 37 STREET","Income-restricted, HDFC",NA,NA
"444 WEST 167 STREET","Income-restricted, HDFC",NA,NA
"444 WEST 54 STREET","Income-restricted, HDFC","CLINTON",NA
"445 16 STREET","Income-restricted, HDFC",NA,NA
"445 WEST 37 STREET","Income-restricted, HDFC","JAVITS CENTER",NA
"446 BEDFORD AVENUE","Income-restricted, HDFC",NA,NA
"446 EAST 13 STREET","Income-restricted, HDFC",NA,NA
"448 ST NICHOLAS AVENUE","Income-restricted, HDFC","HARLEM-CENTRAL",NA
"45 5 AVENUE","Income-restricted, HDFC","GREENWICH VILLAGE-CENTRAL",NA
"45 FAIRVIEW AVENUE","Limited-equity, Mitchell Lama","WASHINGTON HEIGHTS UPPER",NA
"450 EAST 165 STREET","Income-restricted, HDFC",NA,NA
"450 WEST 152 STREET","Income-restricted, HDFC","HARLEM-UPPER",NA
"450 WEST 55 STREET","Income-restricted, HDFC","CLINTON",NA
"451 WEST 166 STREET","Income-restricted, HDFC",NA,NA
"451 WEST 48 STREET","Income-restricted, HDFC",NA,NA
"452 BEDFORD AVENUE","Income-restricted, HDFC",NA,NA
"452 WEST 50 STREET","Income-restricted, HDFC",NA,NA
"454 WEST 152 STREET","Income-restricted, HDFC","HARLEM-UPPER",NA
"455 CARLTON AVENUE","Limited-equity, Mitchell Lama",NA,NA
"4554 PARK AVENUE","Income-restricted, HDFC","BATHGATE",NA
"456 WEST 129 STREET","Income-restricted, HDFC",NA,NA
"456 WEST 50 STREET","Income-restricted, HDFC",NA,NA
"457 WEST 35 STREET","Income-restricted, HDFC",NA,NA
"458 WEST 57 STREET","Income-restricted, HDFC","CLINTON",NA
"46 RIVINGTON STREET","Income-restricted, HDFC","LOWER EAST SIDE",NA
"46-10 61 STREET","Limited-equity, Mitchell Lama",NA,NA
"463 CLASSON AVENUE","Income-restricted, HDFC",NA,NA
"463 WILSON AVENUE","Income-restricted, HDFC","BUSHWICK",1928
"464 WEST 152 STREET","Income-restricted, HDFC","HARLEM-UPPER",NA
"464 WEST 51 STREET","Income-restricted, HDFC",NA,NA
"465 17 STREET","Income-restricted, HDFC",NA,NA
"465 EASTERN PARKWAY","Income-restricted, HDFC","CROWN HEIGHTS",1915
"465 WEST 166 STREET","Income-restricted, HDFC",NA,NA
"465 WEST 46 STREET","Income-restricted, HDFC",NA,NA
"468 CONVENT AVENUE","Income-restricted, HDFC",NA,NA
"468 HANCOCK STREET","Income-restricted, HDFC",NA,NA
"47 FT WASHINGTON AVENUE","Income-restricted, HDFC","WASHINGTON HEIGHTS LOWER",NA
"470 WEST 146 STREET","Income-restricted, HDFC","HARLEM-UPPER",NA
"471 17 STREET","Income-restricted, HDFC",NA,NA
"472 41 STREET","Income-restricted, HDFC",NA,NA
"473 17 STREET","Income-restricted, HDFC",NA,NA
"475 17 STREET","Income-restricted, HDFC",NA,NA
"475 PROSPECT PLACE","Income-restricted, HDFC",NA,NA
"476 WEST WEST 141 STREET","Income-restricted, HDFC",NA,NA
"477 17 STREET","Income-restricted, HDFC",NA,NA
"479 VAN BUREN STREET","Income-restricted, HDFC","BEDFORD STUYVESANT",1931
"48 WEST 119 STREET","Income-restricted, HDFC",NA,NA
"481 17 STREET","Income-restricted, HDFC",NA,NA
"481 AMSTERDAM AVENUE","Income-restricted, HDFC",NA,NA
"481 LENOX AVENUE","Limited-equity, Mitchell Lama",NA,NA
"483 17 STREET","Income-restricted, HDFC",NA,NA
"483 VAN BUREN STREET","Income-restricted, HDFC","BEDFORD STUYVESANT",1931
"484 CONVENT AVENUE","Income-restricted, HDFC",NA,NA
"484 WEST 165 STREET","Income-restricted, HDFC",NA,NA
"486 AMSTERDAM AVENUE","Income-restricted, HDFC","UPPER WEST SIDE (79-96)",NA
"486 ST NICHOLAS AVENUE","Income-restricted, HDFC",NA,NA
"487 AMSTERDAM AVENUE","Income-restricted, HDFC",NA,NA
"487 WEST BROADWAY","Limited-equity, Mitchell Lama",NA,NA
"488 CONVENT AVENUE","Income-restricted, HDFC",NA,NA
"489 AMSTERDAM AVENUE","Income-restricted, HDFC",NA,NA
"49 5 AVENUE","Income-restricted, HDFC","GREENWICH VILLAGE-CENTRAL",NA
"49 HEGEMAN AVENUE","Income-restricted, HDFC",NA,NA
"490 AMSTERDAM AVENUE","Income-restricted, HDFC",NA,NA
"490 SOUTHERN BOULEVARD","Income-restricted, HDFC","MOTT HAVEN/PORT MORRIS",NA
"492 AMSTERDAM AVENUE","Income-restricted, HDFC",NA,NA
"494 JEFFERSON AVENUE","Income-restricted, HDFC",NA,NA
"495 EAST 178 STREET","Income-restricted, HDFC","BATHGATE",NA
"498 PENNSYLVANIA AVENUE","Income-restricted, HDFC","EAST NEW YORK",1930
"5 EAST 131 STREET","Income-restricted, HDFC",NA,NA
"50 WEST 112 STREET","Income-restricted, HDFC","HARLEM-CENTRAL",NA
"50 WEST 119 STREET","Income-restricted, HDFC",NA,NA
"501 WEST 138 STREET","Income-restricted, HDFC",NA,NA
"501 WEST 143 STREET","Income-restricted, HDFC","HARLEM-UPPER",NA
"502 WEST 148 STREET","Income-restricted, HDFC","HARLEM-UPPER",NA
"503 WEST 111 STREET","Income-restricted, HDFC","UPPER WEST SIDE (96-116)",NA
"503 WEST 170 STREET","Income-restricted, HDFC","WASHINGTON HEIGHTS LOWER",NA
"504 WEST 135 STREET","Income-restricted, HDFC","HARLEM-WEST",NA
"504 WEST 139 STREET","Income-restricted, HDFC","HARLEM-WEST",NA
"504 WEST 48 STREET","Income-restricted, HDFC",NA,NA
"505 PRESIDENT STREET","Income-restricted, HDFC",NA,NA
"505 WEST 143 STREET","Income-restricted, HDFC","HARLEM-UPPER",NA
"505 WEST 148 STREET","Income-restricted, HDFC","HARLEM-UPPER",NA
"506 WEST 145 STREET","Income-restricted, HDFC","HARLEM-UPPER",NA
"507 WEST 140 STREET","Income-restricted, HDFC","HARLEM-UPPER",NA
"507 WEST 172 STREET","Income-restricted, HDFC",NA,NA
"508 EAST 6 STREET","Income-restricted, HDFC",NA,NA
"508 WEST 139 STREET","Income-restricted, HDFC","HARLEM-WEST",NA
"509 PRESIDENT STREET","Income-restricted, HDFC",NA,NA
"509 WEST 140 STREET","Income-restricted, HDFC","HARLEM-UPPER",NA
"509 WEST 142 STREET","Income-restricted, HDFC","HARLEM-UPPER",NA
"509 WEST 160 STREET","Income-restricted, HDFC","WASHINGTON HEIGHTS LOWER",NA
"51 CLIFTON PLACE","Income-restricted, HDFC","CLINTON HILL",1905
"510 WEST 151 STREET","Income-restricted, HDFC","HARLEM-UPPER",NA
"510 WEST 172 STREET","Income-restricted, HDFC","WASHINGTON HEIGHTS LOWER",NA
"511 PARK PLACE","Income-restricted, HDFC",NA,NA
"511 VAN SICLEN AVENUE","Income-restricted, HDFC",NA,NA
"511 WEST 138 STREET","Income-restricted, HDFC","HARLEM-WEST",NA
"511 WEST 172 STREET","Income-restricted, HDFC",NA,NA
"512 EAST 11 STREET","Income-restricted, HDFC","ALPHABET CITY",NA
"512 WEST 149 STREET","Income-restricted, HDFC",NA,NA
"512 WEST 156 STREET","Income-restricted, HDFC","WASHINGTON HEIGHTS LOWER",NA
"513 AMSTERDAM AVENUE","Income-restricted, HDFC",NA,NA
"513 WEST 135 STREET","Income-restricted, HDFC","HARLEM-WEST",NA
"513 WEST 157 STREET","Income-restricted, HDFC","WASHINGTON HEIGHTS LOWER",NA
"514 WEST 148 STREET","Income-restricted, HDFC","HARLEM-UPPER",NA
"514 WEST 149 STREET","Income-restricted, HDFC",NA,NA
"514 WEST 50 STREET","Income-restricted, HDFC","CLINTON",NA
"514F EAST 13 STREET","Income-restricted, HDFC","ALPHABET CITY",NA
"515 EAST 13 STREET","Income-restricted, HDFC",NA,NA
"515 WEST 135 STREET","Income-restricted, HDFC","HARLEM-WEST",NA
"515 WEST 138 STREET","Income-restricted, HDFC","HARLEM-WEST",NA
"515 WEST 143 STREET","Income-restricted, HDFC","HARLEM-UPPER",NA
"515 WEST 151 STREET","Income-restricted, HDFC",NA,NA
"515 WEST 172 STREET","Income-restricted, HDFC",NA,NA
"516 WEST 158 STREET","Income-restricted, HDFC","WASHINGTON HEIGHTS LOWER",NA
"517 WEST 135 STREET","Income-restricted, HDFC","HARLEM-WEST",NA
"517 WEST 151 STREET","Income-restricted, HDFC","HARLEM-UPPER",NA
"517 WEST 184 STREET","Income-restricted, HDFC",NA,NA
"517 WEST 48 STREET","Income-restricted, HDFC","CLINTON",NA
"517-19 WEST 144 STREET","Income-restricted, HDFC",NA,NA
"518 WEST 134 STREET","Income-restricted, HDFC","HARLEM-WEST",NA
"518 WEST 135 STREET","Income-restricted, HDFC","HARLEM-WEST",NA
"518 WEST 146 STREET","Income-restricted, HDFC","HARLEM-UPPER",NA
"518 WEST 148 STREET","Income-restricted, HDFC","HARLEM-UPPER",NA
"519 EAST 11 STREET","Income-restricted, HDFC","ALPHABET CITY",NA
"519 WEST 151 STREET","Income-restricted, HDFC",NA,NA
"519 WEST 160 STREET","Income-restricted, HDFC","WASHINGTON HEIGHTS LOWER",NA
"52 EAST 1 STREET","Income-restricted, HDFC",NA,NA
"520 WEST 134 STREET","Income-restricted, HDFC","HARLEM-WEST",NA
"521 WEST 135 STREET","Income-restricted, HDFC","HARLEM-WEST",NA
"521 WEST 143 STREET","Income-restricted, HDFC",NA,NA
"521 WEST 148 STREET","Income-restricted, HDFC",NA,NA
"521 WEST 151 STREET","Income-restricted, HDFC","HARLEM-UPPER",NA
"522 WEST 151 STREET","Income-restricted, HDFC","HARLEM-UPPER",NA
"522 WEST 152 STREET","Income-restricted, HDFC","HARLEM-UPPER",NA
"523 WEST 151 STREET","Income-restricted, HDFC","HARLEM-UPPER",NA
"523 WEST 152 STREET","Income-restricted, HDFC","HARLEM-UPPER",NA
"524 EAST 6 STREET","Income-restricted, HDFC",NA,NA
"524 WEST 151 STREET","Income-restricted, HDFC","HARLEM-UPPER",NA
"524 WEST 152 STREET","Income-restricted, HDFC","HARLEM-UPPER",NA
"525 EAST 6 STREET","Income-restricted, HDFC",NA,NA
"525 WEST 134 STREET","Income-restricted, HDFC",NA,NA
"525 WEST 138 STREET","Income-restricted, HDFC","HARLEM-WEST",NA
"525 WEST 151 STREET","Income-restricted, HDFC",NA,NA
"52-56 ST NICHOLAS AVE","Limited-equity",NA,NA
"526 WEST 158 STREET","Income-restricted, HDFC","WASHINGTON HEIGHTS LOWER",NA
"527 EAST 12 STREET","Income-restricted, HDFC","ALPHABET CITY",NA
"527 EAST 5 STREET","Income-restricted, HDFC",NA,NA
"527 WEST 143 STREET","Income-restricted, HDFC","HARLEM-UPPER",NA
"527 WEST 151 STREET","Income-restricted, HDFC",NA,NA
"527 WEST 160 STREET","Income-restricted, HDFC","WASHINGTON HEIGHTS LOWER",NA
"528 MANHATTAN AVENUE","Income-restricted, HDFC",NA,NA
"529 WEST 148 STREET","Income-restricted, HDFC",NA,NA
"529 WEST 152 STREET","Income-restricted, HDFC","HARLEM-UPPER",NA
"53 STANTON STREET","Income-restricted, HDFC",NA,NA
"530 EAST 159 STREET","Income-restricted, HDFC","MORRISANIA/LONGWOOD",NA
"530 WEST 153 STREET","Income-restricted, HDFC","HARLEM-UPPER",NA
"533 EAST 6 STREET","Income-restricted, HDFC",NA,NA
"533 WEST 145 STREET","Income-restricted, HDFC","HARLEM-UPPER",NA
"534 9 AVENUE","Income-restricted, HDFC","FASHION",NA
"534 GRAHAM AVENUE","Income-restricted, HDFC",NA,NA
"534 WEST 152 STREET","Income-restricted, HDFC","HARLEM-UPPER",NA
"534 WEST 153 STREET","Income-restricted, HDFC","HARLEM-UPPER",NA
"534 WEST 46 STREET","Income-restricted, HDFC",NA,NA
"535 EAST 6 STREET","Income-restricted, HDFC",NA,NA
"535 WEST 156 STREET","Income-restricted, HDFC","WASHINGTON HEIGHTS LOWER",NA
"535 WEST 160 STREET","Income-restricted, HDFC","WASHINGTON HEIGHTS LOWER",NA
"535 WEST 163 STREET","Income-restricted, HDFC","WASHINGTON HEIGHTS LOWER",NA
"536 EAST 11 STREET","Income-restricted, HDFC",NA,NA
"536 WEST 163 STREET","Income-restricted, HDFC","WASHINGTON HEIGHTS LOWER",NA
"537 EAST 6 STREET","Income-restricted, HDFC",NA,NA
"537 WEST 133 STREET","Income-restricted, HDFC",NA,NA
"537 WEST 144 STREET","Income-restricted, HDFC",NA,NA
"537 WEST 156 STREET","Income-restricted, HDFC",NA,NA
"538 WEST 148 STREET","Income-restricted, HDFC",NA,NA
"539 WEST 160 STREET","Income-restricted, HDFC","WASHINGTON HEIGHTS LOWER",NA
"54 EAST 129 STREET","Income-restricted, HDFC",NA,NA
"54 ST JOHNS PLACE","Income-restricted, HDFC",NA,NA
"540 WEST 146 STREET","Income-restricted, HDFC","HARLEM-UPPER",NA
"541 WEST 133 STREET","Income-restricted, HDFC","HARLEM-WEST",NA
"543 GRAHAM AVENUE","Income-restricted, HDFC",NA,NA
"543 WEST 160 STREET","Income-restricted, HDFC","WASHINGTON HEIGHTS LOWER",NA
"544 WEST 147 STREET","Income-restricted, HDFC",NA,NA
"544 WEST 156 STREET","Income-restricted, HDFC",NA,NA
"544 WEST 157 STREET","Income-restricted, HDFC","WASHINGTON HEIGHTS LOWER",NA
"547 DE KALB AVENUE","Income-restricted, HDFC",NA,NA
"547 EAST 12 STREET","Income-restricted, HDFC","ALPHABET CITY",NA
"547 SOUTHERN BOULEVARD","Income-restricted, HDFC","MORRISANIA/LONGWOOD",NA
"547 WEST 147 STREET","Income-restricted, HDFC","HARLEM-UPPER",NA
"548 WEST 156 STREET","Income-restricted, HDFC",NA,NA
"549 WEST 163 STREET","Income-restricted, HDFC","WASHINGTON HEIGHTS LOWER",NA
"55 AVENUE C","Income-restricted, HDFC","ALPHABET CITY",NA
"55 DOWNING ST","Income-restricted, HDFC",NA,NA
"55 WEST 119 STREET","Income-restricted, HDFC",NA,NA
"550 FT WASHINGTON AVENUE","Income-restricted, HDFC","WASHINGTON HEIGHTS UPPER",NA
"551 WEST 157 STREET","Income-restricted, HDFC",NA,NA
"551 WEST 160 STREET","Income-restricted, HDFC","WASHINGTON HEIGHTS LOWER",NA
"552 WEST 141 STREET","Income-restricted, HDFC","HARLEM-UPPER",NA
"555 WEST 148 STREET","Income-restricted, HDFC",NA,NA
"557 WEST 140 STREET","Income-restricted, HDFC","HARLEM-UPPER",NA
"557 WEST 150 STREET","Income-restricted, HDFC","HARLEM-UPPER",NA
"558 WEST 148 STREET","Income-restricted, HDFC",NA,NA
"56 EAST 4 STREET","Income-restricted, HDFC",NA,NA
"56 WEST 119 STREET","Income-restricted, HDFC","HARLEM-CENTRAL",NA
"560 EVERGREEN AVENUE","Income-restricted, HDFC",NA,NA
"560 WEST 186 STREET","Income-restricted, HDFC","WASHINGTON HEIGHTS UPPER",NA
"562 WEST 149 STREET","Income-restricted, HDFC","HARLEM-UPPER",NA
"563 WEST 150 STREET","Income-restricted, HDFC","HARLEM-UPPER",NA
"565  WEST 125 ST","Income-restricted, HDFC",NA,NA
"566 WEST 159 STREET","Income-restricted, HDFC","WASHINGTON HEIGHTS LOWER",NA
"569 STERLING PLACE","Income-restricted, HDFC",NA,NA
"57 EAST 4 STREET","Income-restricted, HDFC",NA,NA
"57 HUDSON AVENUE","Income-restricted, HDFC",NA,NA
"570 COLUMBUS AVENUE","Income-restricted, HDFC",NA,NA
"571 SOUTHERN BOULEVARD","Income-restricted, HDFC","MORRISANIA/LONGWOOD",NA
"571 STERLING PLACE","Income-restricted, HDFC",NA,NA
"572 STERLING PLACE","Income-restricted, HDFC","CROWN HEIGHTS",1915
"575 OCEAN AVENUE","Income-restricted, HDFC","FLATBUSH-CENTRAL",1926
"575 WARREN STREET","Income-restricted, HDFC",NA,NA
"578 RALPH AVENUE","Income-restricted, HDFC","CROWN HEIGHTS",1922
"58 EAST 4 STREET","Income-restricted, HDFC",NA,NA
"58 WEST 105 STREET","Income-restricted, HDFC","MANHATTAN VALLEY",NA
"58 WEST 130 STREET","Income-restricted, HDFC",NA,NA
"580 MORGAN AVENUE","Income-restricted, HDFC",NA,NA
"582 MORGAN AVENUE","Income-restricted, HDFC",NA,NA
"584 ROGERS AVENUE","Income-restricted, HDFC",NA,NA
"585 NOSTRAND AVENUE","Income-restricted, HDFC",NA,NA
"587 DUMONT AVENUE","Income-restricted, HDFC",NA,NA
"588 ROGERS AVENUE","Income-restricted, HDFC",NA,NA
"59 MORNINGSIDE AVENUE","Income-restricted, HDFC",NA,NA
"59 ST JOHNS PLACE","Income-restricted, HDFC",NA,NA
"59 WEST 87 STREET","Income-restricted, HDFC",NA,NA
"590 PARKSIDE AVENUE","Income-restricted, HDFC","FLATBUSH-CENTRAL",1931
"590 SOUTHERN BOULEVARD","Income-restricted, HDFC","MORRISANIA/LONGWOOD",NA
"592 ROGERS AVENUE","Income-restricted, HDFC",NA,NA
"592 WEST 178 STREET","Income-restricted, HDFC","WASHINGTON HEIGHTS LOWER",NA
"595 FRANKLIN AVENUE","Income-restricted, HDFC",NA,NA
"60 EAST 4 STREET","Income-restricted, HDFC",NA,NA
"601 EAST 169 STREET","Income-restricted, HDFC",NA,NA
"601 WEST 136 STREET","Income-restricted, HDFC","HARLEM-WEST",NA
"604 EAST 17 STREET","Income-restricted, HDFC",NA,NA
"604 WEST 140 STREET","Income-restricted, HDFC","HARLEM-UPPER",NA
"606 EAST 11 STREET","Income-restricted, HDFC",NA,NA
"607 WEST 136 STREET","Income-restricted, HDFC","HARLEM-WEST",NA
"609 COLUMBUS AVENUE","Income-restricted, HDFC","UPPER WEST SIDE (79-96)",NA
"61 COLUMBIA STREET","Limited-equity, Mitchell Lama",NA,NA
"61 MORNINGSIDE AVENUE","Income-restricted, HDFC",NA,NA
"61 ST JOHNS PLACE","Income-restricted, HDFC",NA,NA
"61 WEST 105 STREET","Income-restricted, HDFC",NA,NA
"61 WEST 87 STREET","Income-restricted, HDFC",NA,NA
"610 EAST 5 STREET","Income-restricted, HDFC","ALPHABET CITY",NA
"610-12 EAST 136 STREET","Income-restricted, HDFC",NA,NA
"611 LENOX AVENUE","Income-restricted, HDFC",NA,NA
"611 WEST 136 STREET","Income-restricted, HDFC","HARLEM-WEST",NA
"611 WEST 156 STREET","Income-restricted, HDFC","WASHINGTON HEIGHTS LOWER",NA
"612 WEST 140 STREET","Income-restricted, HDFC","HARLEM-UPPER",NA
"613 EAST 138 STREET","Income-restricted, HDFC",NA,NA
"614 WEST 136 STREET","Income-restricted, HDFC","HARLEM-WEST",NA
"616 WEST 137 STREET","Income-restricted, HDFC","HARLEM-WEST",NA
"619 WEST 143 STREET","Income-restricted, HDFC","HARLEM-UPPER",NA
"62 EAST 3 STREET","Income-restricted, HDFC",NA,NA
"620 EAST 170 STREET","Income-restricted, HDFC","MORRISANIA/LONGWOOD",NA
"620 EAST 9 STREET","Income-restricted, HDFC",NA,NA
"621 EAST 6 STREET","Income-restricted, HDFC",NA,NA
"623 EAST 6 STREET","Income-restricted, HDFC",NA,NA
"625 EAST 6 STREET","Income-restricted, HDFC",NA,NA
"625 JEFFERSON PLACE","Income-restricted, HDFC","MORRISANIA/LONGWOOD",NA
"626 EAST 9 STREET","Income-restricted, HDFC","ALPHABET CITY",NA
"626 RIVERSIDE DRIVE","Limited-equity, Mitchell Lama","HARLEM-UPPER",NA
"626 WEST 136 STREET","Income-restricted, HDFC",NA,NA
"628 EAST 9 STREET","Income-restricted, HDFC","ALPHABET CITY",NA
"63 EAST 4 STREET","Income-restricted, HDFC",NA,NA
"63 FRANKLIN STREET","Income-restricted, HDFC",NA,NA
"63 MORNINGSIDE AVENUE","Income-restricted, HDFC",NA,NA
"63 ST JOHNS PLACE","Income-restricted, HDFC",NA,NA
"63 WEST 87 STREET","Income-restricted, HDFC",NA,NA
"630 EAST 170 STREET","Income-restricted, HDFC","MORRISANIA/LONGWOOD",NA
"631 ACADEMY STREET","Income-restricted, HDFC",NA,NA
"631 PARK PLACE","Income-restricted, HDFC",NA,NA
"631 SOUTHERN BOULEVARD","Income-restricted, HDFC",NA,NA
"633 OLMSTEAD AVENUE","Limited-equity, Mitchell Lama","CASTLE HILL/UNIONPORT",NA
"633 PARK PLACE","Income-restricted, HDFC",NA,NA
"635 EAST 11 STREET","Income-restricted, HDFC",NA,NA
"636 BROOKLYN AVENUE","Limited-equity, Mitchell Lama","FLATBUSH-NORTH",1959
"636 EAST 140 STREET","Income-restricted, HDFC",NA,NA
"636 EAST 170 STREET","Income-restricted, HDFC","MORRISANIA/LONGWOOD",NA
"637 LENOX AVENUE","Income-restricted, HDFC",NA,NA
"638 STERLING PLACE","Income-restricted, HDFC",NA,NA
"638 WARREN STREET","Income-restricted, HDFC",NA,NA
"639 EAST 11 STREET","Income-restricted, HDFC",NA,NA
"639 EAST 169 STREET","Income-restricted, HDFC",NA,NA
"639 PRESIDENT STREET","Income-restricted, HDFC",NA,NA
"64 AVENUE C","Income-restricted, HDFC","ALPHABET CITY",NA
"64 EAST 3 STREET","Income-restricted, HDFC",NA,NA
"64 HAVEMEYER STREET","Income-restricted, HDFC",NA,NA
"642 WASHINGTON STREET","Income-restricted, HDFC",NA,NA
"6430 HOPE CIR WOLCOTT","Limited-equity",NA,NA
"645 BARRETTO STREET","Income-restricted, HDFC","HUNTS POINT",NA
"648 GRAND STREET","Income-restricted, HDFC","WILLIAMSBURG-EAST",1920
"65 EAST 4 STREET","Income-restricted, HDFC",NA,NA
"65 JAVA STREET","Income-restricted, HDFC",NA,NA
"65 MORNINGSIDE AVENUE","Income-restricted, HDFC",NA,NA
"65 NORTH 8 STREET","Income-restricted, HDFC",NA,NA
"65 ST JOHNS PLACE","Income-restricted, HDFC",NA,NA
"65 W 90 ST","Limited-equity",NA,NA
"65 WEST 87 STREET","Income-restricted, HDFC",NA,NA
"651 MADISON STREET","Income-restricted, HDFC","BEDFORD STUYVESANT",1931
"654 GRAND STREET","Income-restricted, HDFC","WILLIAMSBURG-EAST",1920
"655 RIVERSIDE DRIVE","Income-restricted, HDFC",NA,NA
"65-52 160TH ST FLUSHING","Limited-equity",NA,NA
"65-83 160TH ST FLUSHING","Limited-equity",NA,NA
"65-94 162ND ST FLUSHING","Limited-equity",NA,NA
"66 WEST 94 STREET","Limited-equity, Mitchell Lama",NA,NA
"660 ST NICHOLAS AVENUE","Income-restricted, HDFC","HARLEM-CENTRAL",NA
"664 WEST 161 STREET","Income-restricted, HDFC","WASHINGTON HEIGHTS LOWER",NA
"666 BROADWAY","Income-restricted, HDFC",NA,NA
"668 BROADWAY","Income-restricted, HDFC",NA,NA
"67 EAST 4 STREET","Income-restricted, HDFC",NA,NA
"67 JAVA STREET","Income-restricted, HDFC",NA,NA
"67 MALCOLM X BOULEVARD","Income-restricted, HDFC",NA,NA
"67 ST JOHNS PLACE","Income-restricted, HDFC",NA,NA
"67 ST NICHOLAS AVENUE","Income-restricted, HDFC","HARLEM-CENTRAL",NA
"67 WEST 87 STREET","Income-restricted, HDFC",NA,NA
"671 KELLY STREET","Income-restricted, HDFC",NA,NA
"676 EAST 179 STREET","Income-restricted, HDFC",NA,NA
"676 ST NICHOLAS AVENUE","Income-restricted, HDFC","HARLEM-CENTRAL",NA
"678 ST NICHOLAS AVENUE","Income-restricted, HDFC","HARLEM-CENTRAL",NA
"68 AVENUE C","Income-restricted, HDFC",NA,NA
"680 WASHINGTON STREET","Income-restricted, HDFC",NA,NA
"682 6 AVENUE","Income-restricted, HDFC",NA,NA
"684 HEGEMAN AVENUE","Income-restricted, HDFC",NA,NA
"685 NOSTRAND AVENUE  X","Income-restricted, HDFC",NA,NA
"688 EAST 141 STREET","Income-restricted, HDFC",NA,NA
"689 BRISTOL STREET","Income-restricted, HDFC",NA,NA
"69 EAST 4 STREET","Income-restricted, HDFC",NA,NA
"690 UNION AVENUE","Income-restricted, HDFC",NA,NA
"690 WASHINGTON STREET","Income-restricted, HDFC",NA,NA
"694 CLASSON AVENUE","Income-restricted, HDFC",NA,NA
"697 DAWSON STREET","Income-restricted, HDFC",NA,NA
"698 CLASSON AVENUE","Income-restricted, HDFC","CROWN HEIGHTS",1920
"699 10 AVENUE","Income-restricted, HDFC",NA,NA
"7 EAST 3 STREET","Income-restricted, HDFC","EAST VILLAGE",NA
"7 WEST 92 STREET","Income-restricted, HDFC","UPPER WEST SIDE (79-96)",NA
"7.5 2 AVENUE","Income-restricted, HDFC",NA,NA
"70 MORNINGSIDE AVENUE","Income-restricted, HDFC",NA,NA
"70 ST JOHNS PLACE","Income-restricted, HDFC",NA,NA
"70 WEST 105 STREET","Income-restricted, HDFC",NA,NA
"70 WEST 108 STREET","Income-restricted, HDFC","MANHATTAN VALLEY",NA
"700 COLUMBUS AVENUE","Limited-equity, Mitchell Lama",NA,NA
"700 OAKLAND PL","Income-restricted, HDFC",NA,NA
"701 AMSTERDAM AVENUE","Limited-equity, Mitchell Lama",NA,NA
"701 CROTONA PARK NORTH","Income-restricted, HDFC","CROTONA PARK",NA
"705 CROTONA PARK NORTH","Income-restricted, HDFC","CROTONA PARK",NA
"705 EAST 179 STREET","Income-restricted, HDFC","EAST TREMONT",NA
"71 AVENUE C","Income-restricted, HDFC",NA,NA
"71 CLIFTON PLACE","Income-restricted, HDFC",NA,NA
"71 EAST 4 STREET","Income-restricted, HDFC",NA,NA
"713 ST NICHOLAS AVENUE","Income-restricted, HDFC",NA,NA
"715 ST NICHOLAS AVENUE","Income-restricted, HDFC",NA,NA
"719 EAST 6 STREET","Income-restricted, HDFC",NA,NA
"719 HANCOCK STREET","Income-restricted, HDFC",NA,NA
"72 CLINTON STREET","Income-restricted, HDFC","LOWER EAST SIDE",NA
"72 MORNINGSIDE AVENUE","Income-restricted, HDFC","HARLEM-CENTRAL",NA
"72 RICHARDSON STREET","Income-restricted, HDFC","WILLIAMSBURG-EAST",1928
"72 WEST 88 STREET","Income-restricted, HDFC",NA,NA
"724 EAST 216 STREET","Income-restricted, HDFC","WILLIAMSBRIDGE",NA
"728 DRIGGS AVENUE","Income-restricted, HDFC",NA,NA
"729 ST NICHOLAS AVENUE","Income-restricted, HDFC","HARLEM-UPPER",NA
"73 CLIFTON PLACE","Income-restricted, HDFC",NA,NA
"730 57 STREET","Income-restricted, HDFC","SUNSET PARK",1931
"733 EAST 9 STREET","Income-restricted, HDFC","ALPHABET CITY",NA
"733 GRAND STREET","Income-restricted, HDFC",NA,NA
"74 5 AVENUE","Income-restricted, HDFC","GREENWICH VILLAGE-CENTRAL",NA
"74 RICHARDSON STREET","Income-restricted, HDFC","WILLIAMSBURG-EAST",1928
"741 ST NICHOLAS AVENUE","Income-restricted, HDFC",NA,NA
"742 EAST 6 STREET","Income-restricted, HDFC","ALPHABET CITY",NA
"748 10 AVENUE","Income-restricted, HDFC",NA,NA
"749 JENNINGS STREET","Income-restricted, HDFC",NA,NA
"75 EAST 4 STREET","Income-restricted, HDFC",NA,NA
"75 LINDEN STREET","Income-restricted, HDFC",NA,NA
"750 FAILE STREET","Limited-equity, Mitchell Lama","HUNTS POINT",NA
"755 ST NICHOLAS AVENUE","Income-restricted, HDFC",NA,NA
"759 40 STREET","Income-restricted, HDFC",NA,NA
"759 EAST 169 STREET","Income-restricted, HDFC",NA,NA
"759 JENNINGS STREET","Income-restricted, HDFC","MORRISANIA/LONGWOOD",NA
"76 RICHARDSON STREET","Income-restricted, HDFC","WILLIAMSBURG-EAST",1928
"760 HUNTS POINT AVENUE","Income-restricted, HDFC",NA,NA
"762 10 AVENUE","Income-restricted, HDFC",NA,NA
"762 CAULDWELL AVENUE","Income-restricted, HDFC",NA,NA
"763 JENNINGS STREET","Income-restricted, HDFC","MORRISANIA/LONGWOOD",NA
"765 GARDEN STREET","Income-restricted, HDFC","BELMONT",NA
"767 EASTERN PARKWAY","Income-restricted, HDFC","CROWN HEIGHTS",1905
"77 EAST 4 STREET","Income-restricted, HDFC",NA,NA
"773 CONCOURSE VILLAGE EAST","Limited-equity, Mitchell Lama","MELROSE/CONCOURSE",NA
"773 EASTERN PARKWAY","Income-restricted, HDFC","CROWN HEIGHTS",1905
"775 GREENE AVENUE","Income-restricted, HDFC",NA,NA
"775 JENNINGS STREET","Income-restricted, HDFC","MORRISANIA/LONGWOOD",NA
"78 EAST 127 STREET","Income-restricted, HDFC",NA,NA
"78 SOUTH 1 STREET","Income-restricted, HDFC","WILLIAMSBURG-SOUTH",1911
"783 HANCOCK STREET","Income-restricted, HDFC",NA,NA
"785 EAST 181 STREET","Income-restricted, HDFC","EAST TREMONT",NA
"786 9 AVENUE","Income-restricted, HDFC","MIDTOWN WEST",NA
"789 MAC DONOUGH STREET","Income-restricted, HDFC",NA,NA
"79 DECATUR STREET","Income-restricted, HDFC",NA,NA
"79 HAMILTON PLACE","Income-restricted, HDFC","HARLEM-UPPER",NA
"79 HANSON PLACE","Income-restricted, HDFC",NA,NA
"79 SOUTH 9 STREET","Income-restricted, HDFC",NA,NA
"795 PUTNAM AVENUE","Income-restricted, HDFC",NA,NA
"8 MORNINGSIDE AVENUE","Income-restricted, HDFC",NA,NA
"8 WEST 119 STREET","Income-restricted, HDFC","HARLEM-CENTRAL",NA
"80 ST NICHOLAS AVENUE","Income-restricted, HDFC","HARLEM-CENTRAL",NA
"800 RIVERSIDE DRIVE","Income-restricted, HDFC","WASHINGTON HEIGHTS LOWER",NA
"801 TILDEN STREET","Limited-equity, Mitchell Lama","WILLIAMSBRIDGE",NA
"805 EAST 182 STREET","Income-restricted, HDFC",NA,NA
"805 ST JOHNS PLACE","Income-restricted, HDFC",NA,NA
"81 HILLSIDE AVENUE","Limited-equity, Mitchell Lama",NA,NA
"810 EAST 178 STREET","Income-restricted, HDFC","EAST TREMONT",NA
"8100 SHORE FRONT PARKWAY","Limited-equity, Mitchell Lama",NA,NA
"811 ST NICHOLAS AVENUE","Income-restricted, HDFC",NA,NA
"812 10 AVENUE","Income-restricted, HDFC","CLINTON",NA
"815 ST NICHOLAS AVENUE","Income-restricted, HDFC",NA,NA
"820 ST NICHOLAS AVENUE","Income-restricted, HDFC","HARLEM-UPPER",NA
"821 PROSPECT PLACE","Income-restricted, HDFC","CROWN HEIGHTS",1900
"823 EAST 147 STREET","Income-restricted, HDFC","MOTT HAVEN/PORT MORRIS",NA
"827 10 AVENUE","Income-restricted, HDFC",NA,NA
"827 FOX STREET","Income-restricted, HDFC",NA,NA
"829 ADEE AVENUE","Income-restricted, HDFC","BRONXDALE",NA
"829 SOUTHERN BOULEVARD","Income-restricted, HDFC","MORRISANIA/LONGWOOD",NA
"83 2 AVENUE","Income-restricted, HDFC",NA,NA
"83 CLAY STREET","Income-restricted, HDFC",NA,NA
"83 HAMILTON PLACE","Income-restricted, HDFC","HARLEM-UPPER",NA
"831 FOX STREET","Income-restricted, HDFC",NA,NA
"834 RIVERSIDE DRIVE","Income-restricted, HDFC","WASHINGTON HEIGHTS LOWER",NA
"834 ST NICHOLAS AVENUE","Income-restricted, HDFC",NA,NA
"838 BECK STREET","Income-restricted, HDFC",NA,NA
"838 PARK PLACE","Income-restricted, HDFC",NA,NA
"840 ST NICHOLAS AVENUE","Income-restricted, HDFC",NA,NA
"84-14 WOODHAVEN BOULEVARD","Income-restricted, HDFC",NA,NA
"842 PARK PLACE","Income-restricted, HDFC",NA,NA
"848 PARK PLACE","Income-restricted, HDFC",NA,NA
"849 ST NICHOLAS AVENUE","Income-restricted, HDFC","HARLEM-UPPER",NA
"85 SOUTH 9 STREET","Income-restricted, HDFC",NA,NA
"850 SOUTHERN BOULEVARD","Income-restricted, HDFC","MORRISANIA/LONGWOOD",NA
"850 ST MARKS AVENUE","Income-restricted, HDFC",NA,NA
"851 EAST TREMONT AVENUE","Income-restricted, HDFC","EAST TREMONT",NA
"851 FOX STREET","Income-restricted, HDFC",NA,NA
"854 INTERVALE AVENUE","Income-restricted, HDFC","MORRISANIA/LONGWOOD",NA
"855 EAST 233 STREET","Limited-equity, Mitchell Lama","WAKEFIELD",NA
"855 FRANKLIN AVENUE","Income-restricted, HDFC",NA,NA
"863 GRAND STREET","Income-restricted, HDFC",NA,NA
"87 STOCKHOLM STREET","Income-restricted, HDFC","BUSHWICK",1931
"870 RIVERSIDE DRIVE","Income-restricted, HDFC","WASHINGTON HEIGHTS LOWER",NA
"872 TRINITY AVENUE","Limited-equity, Mitchell Lama","MORRISANIA/LONGWOOD",NA
"874 DRIGGS AVENUE","Income-restricted, HDFC",NA,NA
"874 MANIDA STREET","Income-restricted, HDFC","HUNTS POINT",NA
"875 LONGFELLOW AVENUE","Income-restricted, HDFC",NA,NA
"88 16 STREET","Income-restricted, HDFC","GOWANUS",1912
"88 BROOKLYN AVENUE","Income-restricted, HDFC","CROWN HEIGHTS",1905
"883 EAST 165 STREET","Income-restricted, HDFC","MORRISANIA/LONGWOOD",NA
"89 EAST 3 STREET","Income-restricted, HDFC",NA,NA
"89 LEFFERTS PLACE","Income-restricted, HDFC","CLINTON HILL",1930
"89 SOUTH 9 STREET","Income-restricted, HDFC",NA,NA
"892 FLUSHING AVENUE","Income-restricted, HDFC",NA,NA
"897 EMPIRE BOULEVARD","Income-restricted, HDFC","CROWN HEIGHTS",1931
"9 ARGYLE ROAD","Income-restricted, HDFC",NA,NA
"9 EAST 3 STREET","Income-restricted, HDFC",NA,NA
"9 ST NICHOLAS AVENUE","Income-restricted, HDFC",NA,NA
"90 HAMILTON PLACE","Income-restricted, HDFC","HARLEM-UPPER",NA
"90 WADSWORTH AVENUE","Income-restricted, HDFC","WASHINGTON HEIGHTS LOWER",NA
"900 AMSTERDAM AVENUE","Income-restricted, HDFC",NA,NA
"902 EAGLE AVENUE","Income-restricted, HDFC","MORRISANIA/LONGWOOD",NA
"906 EAGLE AVENUE","Income-restricted, HDFC","MORRISANIA/LONGWOOD",NA
"906 SIMPSON STREET","Income-restricted, HDFC","MORRISANIA/LONGWOOD",NA
"91 HAMILTON PLACE","Income-restricted, HDFC",NA,NA
"91 SOUTH 8 STREET","Income-restricted, HDFC",NA,NA
"914 SIMPSON STREET","Income-restricted, HDFC","MORRISANIA/LONGWOOD",NA
"916 EAST 223 STREET","Income-restricted, HDFC",NA,NA
"919 OGDEN AVENUE","Income-restricted, HDFC",NA,NA
"92 ST NICHOLAS AVENUE","Income-restricted, HDFC","HARLEM-CENTRAL",NA
"92 WADSWORTH AVENUE","Income-restricted, HDFC","WASHINGTON HEIGHTS LOWER",NA
"920 METCALF AVENUE","Income-restricted, HDFC","SOUNDVIEW",NA
"924 HART STREET","Income-restricted, HDFC",NA,NA
"93 3 AVENUE","Income-restricted, HDFC",NA,NA
"936 KELLY STREET","Income-restricted, HDFC",NA,NA
"938 ST NICHOLAS AVENUE","Income-restricted, HDFC","WASHINGTON HEIGHTS LOWER",NA
"94 HESTER STREET","Income-restricted, HDFC",NA,NA
"940 KELLY STREET","Income-restricted, HDFC",NA,NA
"941 JEROME AVENUE","Income-restricted, HDFC","HIGHBRIDGE/MORRIS HEIGHTS",NA
"941 PARK PLACE","Income-restricted, HDFC","CROWN HEIGHTS",1905
"941 ROGERS PLACE","Income-restricted, HDFC","MORRISANIA/LONGWOOD",NA
"942 COLUMBUS AVENUE","Income-restricted, HDFC",NA,NA
"943 AMSTERDAM AVENUE","Income-restricted, HDFC","UPPER WEST SIDE (96-116)",NA
"943 TELLER AVENUE","Income-restricted, HDFC","MELROSE/CONCOURSE",NA
"944 KELLY STREET","Income-restricted, HDFC",NA,NA
"946 HOE AVENUE","Income-restricted, HDFC","MORRISANIA/LONGWOOD",NA
"95 SOUTH 10 STREET","Income-restricted, HDFC","WILLIAMSBURG-SOUTH",1915
"95 SOUTH 8 STREET","Income-restricted, HDFC",NA,NA
"95 SOUTH 9 STREET","Income-restricted, HDFC",NA,NA
"950 HOE AVENUE","Income-restricted, HDFC","MORRISANIA/LONGWOOD",NA
"951 MANHATTAN AVENUE","Income-restricted, HDFC",NA,NA
"952 ST MARKS AVENUE","Income-restricted, HDFC","CROWN HEIGHTS",1905
"962 ANDERSON AVENUE","Income-restricted, HDFC",NA,NA
"962 EAST 172 STREET","Income-restricted, HDFC",NA,NA
"964 ANDERSON AVENUE","Income-restricted, HDFC",NA,NA
"966 ANDERSON AVENUE","Income-restricted, HDFC",NA,NA
"968 ANDERSON AVENUE","Income-restricted, HDFC",NA,NA
"969 PUTNAM AVENUE","Income-restricted, HDFC",NA,NA
"970 GLENMORE AVENUE","Income-restricted, HDFC",NA,NA
"971 KELLY STREET","Income-restricted, HDFC",NA,NA
"971 ST MARKS AVENUE","Income-restricted, HDFC",NA,NA
"973 ST MARKS AVENUE","Income-restricted, HDFC",NA,NA
"975 SUMMIT AVENUE","Income-restricted, HDFC",NA,NA
"975 UNION AVENUE","Income-restricted, HDFC","MORRISANIA/LONGWOOD",NA
"976 SIMPSON STREET","Income-restricted, HDFC",NA,NA
"98 AVENUE C","Income-restricted, HDFC","ALPHABET CITY",NA
"98 HAMILTON PLACE","Income-restricted, HDFC","HARLEM-UPPER",NA
"98 VAN COURTLAND S","Limited-equity",NA,NA
"980 PUTNAM AVENUE","Income-restricted, HDFC",NA,NA
"980 SIMPSON STREET","Income-restricted, HDFC",NA,NA
"982 PUTNAM AVENUE","Income-restricted, HDFC",NA,NA
"983 AMSTERDAM AVENUE","Income-restricted, HDFC","UPPER WEST SIDE (96-116)",NA
"985 AMSTERDAM AVENUE","Income-restricted, HDFC",NA,NA
"986 LEGGETT AVENUE","Income-restricted, HDFC","MORRISANIA/LONGWOOD",NA
"986 PUTNAM AVENUE","Income-restricted, HDFC",NA,NA
"987 AMSTERDAM AVENUE","Income-restricted, HDFC",NA,NA
"989 AMSTERDAM AVENUE","Income-restricted, HDFC",NA,NA
"99 SOUTH 8 STREET","Income-restricted, HDFC",NA,NA
"991 AMSTERDAM AVENUE","Income-restricted, HDFC",NA,NA
"992 PUTNAM AVENUE","Income-restricted, HDFC",NA,NA
"993 AMSTERDAM AVENUE","Income-restricted, HDFC",NA,NA
